id,observed_on,url,image_url,description,latitude,longitude,geoprivacy,coordinates_obscured,species_guess,scientific_name,common_name,iconic_taxon_name,taxon_id,generic_name
346828,2013-07-02,http://www.inaturalist.org/observations/346828,https://inaturalist-open-data.s3.amazonaws.com/photos/432008/medium.JPG,,38.799852,-117.398872,,False,Brown Trout,Salmo trutta,Brown Trout,Actinopterygii,47518,Brown Trout
390822,2013-09-04,http://www.inaturalist.org/observations/390822,https://inaturalist-open-data.s3.amazonaws.com/photos/488883/medium.JPG,"A fry approx 1.5 in. long. To my knowledge this area includes rainbow trout and bull trout, and although this fry has no spots on the dorsal fin (a rainbow trait), I'm not sure if that difference is apparent in fry.",41.82644,-115.419994,,False,Salmons and Trouts,Salmoninae,Salmons and Trouts,Actinopterygii,342904,Unspecified
390824,2013-09-04,http://www.inaturalist.org/observations/390824,https://inaturalist-open-data.s3.amazonaws.com/photos/488885/medium.JPG,a small fry approx 3 in. long.,41.82644,-115.419994,,False,Columbia River Redband Trout,Oncorhynchus mykiss gairdneri,Columbia River Redband Trout,Actinopterygii,237543,Redband Trout
582566,,http://www.inaturalist.org/observations/582566,https://inaturalist-open-data.s3.amazonaws.com/photos/740972/medium.JPG,"Redband trout in Bull Camp Creek, Salmon Fall Creek watershed, NV.",41.493538,-114.970571,,False,Columbia River Redband Trout,Oncorhynchus mykiss gairdneri,Columbia River Redband Trout,Actinopterygii,237543,Redband Trout
582571,2013-07-24,http://www.inaturalist.org/observations/582571,https://inaturalist-open-data.s3.amazonaws.com/photos/740982/medium.JPG,"Redband trout from South Fork Salmon Falls Creek, NV.",41.781268,-115.004333,,False,Columbia River Redband Trout,Oncorhynchus mykiss gairdneri,Columbia River Redband Trout,Actinopterygii,237543,Redband Trout
582575,2013-06-18,http://www.inaturalist.org/observations/582575,https://inaturalist-open-data.s3.amazonaws.com/photos/740986/medium.JPG,"Redband trout, McCann Creek, South Fork Owyhee River",41.307714,-116.293353,,False,Columbia River Redband Trout,Oncorhynchus mykiss gairdneri,Columbia River Redband Trout,Actinopterygii,237543,Redband Trout
584617,2013-06-06,http://www.inaturalist.org/observations/584617,https://inaturalist-open-data.s3.amazonaws.com/photos/743135/medium.JPG,"A native Humboldt strain Lahontan Cutthroat Trout in Little Jack Creek, a tributary to Maggie Creek near the town of Carlin, Nevada.  Specimen was collected via alive via-electro fishing, photographed in aquarium, and released back into stream.

",41.002239,-116.271786,,False,Lahontan Cutthroat Trout,Oncorhynchus henshawi,Lahontan Cutthroat Trout,Actinopterygii,1316404,Cutthroat Trout
584620,2013-06-03,http://www.inaturalist.org/observations/584620,https://inaturalist-open-data.s3.amazonaws.com/photos/743137/medium.JPG,"Native Humboldt strain Lahontan Cutthroat Trout captured via electro-fishing, photographed in aquarium and released.",41.073939,-116.169733,,False,Lahontan Cutthroat Trout,Oncorhynchus henshawi,Lahontan Cutthroat Trout,Actinopterygii,1316404,Cutthroat Trout
602845,2013-06-17,http://www.inaturalist.org/observations/602845,https://inaturalist-open-data.s3.amazonaws.com/photos/759250/medium.jpg,"Humboldt-strain LCT from N. Fork, Battle Creek in Humboldt County, NV (near town of Denio).

Specimen #1",41.443764,-118.938269,,False,Lahontan Cutthroat Trout,Oncorhynchus henshawi,Lahontan Cutthroat Trout,Actinopterygii,1316404,Cutthroat Trout
602847,2013-06-17,http://www.inaturalist.org/observations/602847,https://inaturalist-open-data.s3.amazonaws.com/photos/759254/medium.JPG,"Humboldt strain Lahontan Cutthroat Trout from N. Fork Battle Creek, near Denio, NV, in Humboldt County.  This is a second specimen sampled at the same location as the previous one.

",41.443442,-118.938097,,False,Lahontan Cutthroat Trout,Oncorhynchus henshawi,Lahontan Cutthroat Trout,Actinopterygii,1316404,Cutthroat Trout
602894,2013-07-23,http://www.inaturalist.org/observations/602894,https://inaturalist-open-data.s3.amazonaws.com/photos/759264/medium.JPG,"Non-native brown trout caught while electroshocking in Salmon Falls Creek, NV.  

Also visible in the aquarium where I photogrphaed fish are a Lahontan redside shiner and a dace",41.748403,-114.894322,,False,Brown Trout,Salmo trutta,Brown Trout,Actinopterygii,47518,Brown Trout
602902,2013-07-24,http://www.inaturalist.org/observations/602902,https://inaturalist-open-data.s3.amazonaws.com/photos/759268/medium.JPG,Native redband trout caught via electro-fishing survey on S. Fork Salmon Falls Creek drainage.  ,41.781269,-115.004333,,False,Columbia River Redband Trout,Oncorhynchus mykiss gairdneri,Columbia River Redband Trout,Actinopterygii,237543,Redband Trout
602903,2013-07-24,http://www.inaturalist.org/observations/602903,https://inaturalist-open-data.s3.amazonaws.com/photos/759271/medium.JPG,Non-native brown trout sampled while conducting electro fishing survey in S. Fork Salmon Falls Creek.,41.781269,-115.004333,,False,Brown Trout,Salmo trutta,Brown Trout,Actinopterygii,47518,Brown Trout
689935,2004-09-19,http://www.inaturalist.org/observations/689935,https://static.inaturalist.org/photos/867489/medium.jpg,"migratory-sized Lahontan cutthroat trout angled from a 
pond above a small natural waterfall.  Radio-tagged for a telemetry study by Steve Ambruzs (who took photo)",41.708099,-115.361166,,False,Lahontan Cutthroat Trout,Oncorhynchus henshawi,Lahontan Cutthroat Trout,Actinopterygii,1316404,Cutthroat Trout
1085889,2014-07-07,http://www.inaturalist.org/observations/1085889,https://inaturalist-open-data.s3.amazonaws.com/photos/1364051/medium.JPG,"Redband trout, Middle Fork Canyon Creek, Salmon Falls basin, Nevada.",41.811935,-115.13896,,False,Columbia River Redband Trout,Oncorhynchus mykiss gairdneri,Columbia River Redband Trout,Actinopterygii,237543,Redband Trout
1085891,2014-07-08,http://www.inaturalist.org/observations/1085891,https://inaturalist-open-data.s3.amazonaws.com/photos/1364054/medium.JPG,"Redband Trout, Middle Fork Canyon Creek, Salmon Falls basin, Nevada.",41.85032,-115.16183,,False,Columbia River Redband Trout,Oncorhynchus mykiss gairdneri,Columbia River Redband Trout,Actinopterygii,237543,Redband Trout
1085895,2014-07-08,http://www.inaturalist.org/observations/1085895,https://inaturalist-open-data.s3.amazonaws.com/photos/1364059/medium.JPG,"Redband Trout, Middle Fork Canyon Creek, Salmon Falls basin, Nevada.",41.85032,-115.16183,,False,Columbia River Redband Trout,Oncorhynchus mykiss gairdneri,Columbia River Redband Trout,Actinopterygii,237543,Redband Trout
1085899,2014-07-10,http://www.inaturalist.org/observations/1085899,https://inaturalist-open-data.s3.amazonaws.com/photos/1364065/medium.JPG,"Redband trout, Middle Fork Deer Creek, Salmon Falls basin, Nevada.",41.619806,-115.059396,,False,Columbia River Redband Trout,Oncorhynchus mykiss gairdneri,Columbia River Redband Trout,Actinopterygii,237543,Redband Trout
1085910,2014-07-10,http://www.inaturalist.org/observations/1085910,https://inaturalist-open-data.s3.amazonaws.com/photos/1364083/medium.JPG,"Redband trout, North Creek, Salmon Fall Creek basin, Nevada.",41.920296,-115.012474,,False,Columbia River Redband Trout,Oncorhynchus mykiss gairdneri,Columbia River Redband Trout,Actinopterygii,237543,Redband Trout
1085922,2013-08-08,http://www.inaturalist.org/observations/1085922,https://inaturalist-open-data.s3.amazonaws.com/photos/1364104/medium.JPG,"Redband trout, Camp Creek, Salmon Falls Creek basin, Nevada.",41.71716,-115.236615,,False,Columbia River Redband Trout,Oncorhynchus mykiss gairdneri,Columbia River Redband Trout,Actinopterygii,237543,Redband Trout
1085925,2013-08-08,http://www.inaturalist.org/observations/1085925,https://inaturalist-open-data.s3.amazonaws.com/photos/1364107/medium.JPG,"Redband trout, Camp Creek, Salmon Falls Creek basin, Nevada.",41.71716,-115.236615,,False,Columbia River Redband Trout,Oncorhynchus mykiss gairdneri,Columbia River Redband Trout,Actinopterygii,237543,Redband Trout
1085931,2013-08-08,http://www.inaturalist.org/observations/1085931,https://inaturalist-open-data.s3.amazonaws.com/photos/1364113/medium.JPG,"Redband trout, Camp Creek, Salmon Falls Creek basin, Nevada.",41.71716,-115.236615,,False,Columbia River Redband Trout,Oncorhynchus mykiss gairdneri,Columbia River Redband Trout,Actinopterygii,237543,Redband Trout
1226213,2015-02-07,http://www.inaturalist.org/observations/1226213,https://inaturalist-open-data.s3.amazonaws.com/photos/1544712/medium.jpg,"Apparently the pond is stocked periodically, so this may be 99% captured/cultivated. Nonetheless, the kid who caught it was proud to have me take its picture for iNat.",36.065649,-115.111595,,False,Rainbow Trout,Oncorhynchus mykiss,Rainbow Trout,Actinopterygii,47516,Rainbow Trout
1575525,2015-06-01,http://www.inaturalist.org/observations/1575525,,,39.5269092,-119.8090577,,False,Lahontan cutthroat trout (Oncorhynchus clarkii henshawi),Oncorhynchus henshawi henshawi,Lahontan Cutthroat Trout,Actinopterygii,1520371,Cutthroat Trout
2461026,2015-11-19,http://www.inaturalist.org/observations/2461026,https://inaturalist-open-data.s3.amazonaws.com/photos/2753758/medium.JPG,Rainbow Trout,35.955648,-114.845897,,False,Rainbow Trout,Oncorhynchus mykiss,Rainbow Trout,Actinopterygii,47516,Rainbow Trout
4049701,2016-09-05,http://www.inaturalist.org/observations/4049701,https://inaturalist-open-data.s3.amazonaws.com/photos/4795586/medium.jpeg,,36.4224788928,-115.7321050649,,False,Rainbow Trout,Oncorhynchus mykiss,Rainbow Trout,Actinopterygii,47516,Rainbow Trout
6334696,2014-03-01,https://www.inaturalist.org/observations/6334696,https://inaturalist-open-data.s3.amazonaws.com/photos/7982764/medium.jpeg,,39.8756242024,-119.4921970367,,False,Lahontan Cutthroat Trout,Oncorhynchus henshawi henshawi,Lahontan Cutthroat Trout,Actinopterygii,1520371,Cutthroat Trout
8617394,2017-10-27,https://www.inaturalist.org/observations/8617394,https://inaturalist-open-data.s3.amazonaws.com/photos/11528399/medium.jpg,,39.8798273857,-119.502724707,,False,Lahontan Cutthroat Trout,Oncorhynchus henshawi henshawi,Lahontan Cutthroat Trout,Actinopterygii,1520371,Cutthroat Trout
10970213,2018-04-14,https://www.inaturalist.org/observations/10970213,https://inaturalist-open-data.s3.amazonaws.com/photos/15442746/medium.jpg,10+ inches but in a tiny thread of stream that won't last long,38.9738957538,-119.9409735203,,False,Brook Trout,Salvelinus fontinalis,Brook Trout,Actinopterygii,49596,Brook Trout
14529328,2018-07-11,https://www.inaturalist.org/observations/14529328,https://inaturalist-open-data.s3.amazonaws.com/photos/21636718/medium.jpg,,39.1710192042,-119.8938925244,,False,Lahontan Cutthroat Trout,Oncorhynchus henshawi henshawi,Lahontan Cutthroat Trout,Actinopterygii,1520371,Cutthroat Trout
15768086,2017-11-11,https://www.inaturalist.org/observations/15768086,https://static.inaturalist.org/photos/23556522/medium.jpg,,40.00895555,-119.62638,,False,Lahontan Cutthroat Trout,Oncorhynchus henshawi henshawi,Lahontan Cutthroat Trout,Actinopterygii,1520371,Cutthroat Trout
15826488,2018-03-30,https://www.inaturalist.org/observations/15826488,https://inaturalist-open-data.s3.amazonaws.com/photos/23659750/medium.jpeg,The story of the Lahontan cutthroat trout is among my favorite wild trout stories. The fact that they were so big that settlers mistook them for salmon is just incredible. ,39.988591058,-119.616596578,,False,Lahontan Cutthroat Trout,Oncorhynchus henshawi henshawi,Lahontan Cutthroat Trout,Actinopterygii,1520371,Cutthroat Trout
17118809,2018-09-28,https://www.inaturalist.org/observations/17118809,https://static.inaturalist.org/photos/25926503/medium.jpg,"There were many fish in the creek from this larger one (4"") to much smaller fry.",40.6043972222,-115.3762277778,,False,Brook Trout,Salvelinus fontinalis,Brook Trout,Actinopterygii,49596,Brook Trout
18013318,2018-05-26,https://www.inaturalist.org/observations/18013318,https://static.inaturalist.org/photos/27537969/medium.jpeg,,39.0078515916,-119.8065024877,obscured,True,Rainbow Trout,Oncorhynchus mykiss,Rainbow Trout,Actinopterygii,47516,Rainbow Trout
18710179,2005-08-10,https://www.inaturalist.org/observations/18710179,https://inaturalist-open-data.s3.amazonaws.com/photos/28648800/medium.jpeg,,41.859821,-115.428496,,False,Bull Trout,Salvelinus confluentus,Bull Trout,Actinopterygii,111978,Bull Trout
18710287,2005-08-10,https://www.inaturalist.org/observations/18710287,https://inaturalist-open-data.s3.amazonaws.com/photos/28648886/medium.jpeg,,41.859821,-115.428496,,False,Columbia River Redband Trout,Oncorhynchus mykiss gairdneri,Columbia River Redband Trout,Actinopterygii,237543,Redband Trout
18710563,2009-06-13,https://www.inaturalist.org/observations/18710563,https://inaturalist-open-data.s3.amazonaws.com/photos/28649002/medium.jpeg,Small tributary in the Humboldt River drainage,41.7272625408,-114.8637447475,obscured,True,Lahontan Cutthroat Trout,Oncorhynchus henshawi,Lahontan Cutthroat Trout,Actinopterygii,1316404,Cutthroat Trout
21455045,2018-11-10,https://www.inaturalist.org/observations/21455045,https://inaturalist-open-data.s3.amazonaws.com/photos/33195671/medium.jpg,,39.9301133333,-119.5750283333,,False,Lahontan Cutthroat Trout,Oncorhynchus henshawi henshawi,Lahontan Cutthroat Trout,Actinopterygii,1520371,Cutthroat Trout
25712703,2011-08-01,https://www.inaturalist.org/observations/25712703,https://inaturalist-open-data.s3.amazonaws.com/photos/39855930/medium.jpg,,36.2422936634,-115.7231317562,,False,Lahontan Cutthroat Trout,Oncorhynchus henshawi,Lahontan Cutthroat Trout,Actinopterygii,1316404,Cutthroat Trout
29556192,2019-07-13,https://www.inaturalist.org/observations/29556192,https://inaturalist-open-data.s3.amazonaws.com/photos/46133517/medium.jpeg,Trail Canyon pond,37.8762741089,-118.2793807983,,False,Pacific Salmons and Trouts,Oncorhynchus mykiss,Rainbow Trout,Actinopterygii,47516,Rainbow Trout
30060184,2019-08-02,https://www.inaturalist.org/observations/30060184,https://inaturalist-open-data.s3.amazonaws.com/photos/46942720/medium.jpeg,,39.3017946344,-119.6419712529,,False,Rainbow Trout,Oncorhynchus mykiss,Rainbow Trout,Actinopterygii,47516,Rainbow Trout
35820311,2019-11-17,https://www.inaturalist.org/observations/35820311,https://static.inaturalist.org/photos/56531699/medium.jpg,"This is a Pyramid Lake strain Lahontan cutthroat trout.  This strain was thought to be extinct when dams and water diversions blocked their spawning areas. The strain was rediscovered when Nevada Department of Wildlife was surveying streams in eastern Nevada where they weren’t expected to be. Apparently someone stocked these fish in the stream at some point before they disappeared from Pyramid Lake and the Truckee River. The fish have been reestablished and are now caught regularly by anglers. Historically, these cutthroat reached enormous sizes. The world record is 42lbs and there were rumors of 100lb fish when there was a commercial fishery. ",40.1201001979,-119.6988972889,,False,Lahontan Cutthroat Trout,Oncorhynchus henshawi henshawi,Lahontan Cutthroat Trout,Actinopterygii,1520371,Cutthroat Trout
36323632,2019-12-02,https://www.inaturalist.org/observations/36323632,https://inaturalist-open-data.s3.amazonaws.com/photos/57406181/medium.jpg,,36.1745922148,-114.4891330796,,False,Rainbow Trout,Oncorhynchus mykiss,Rainbow Trout,Actinopterygii,47516,Rainbow Trout
39334925,2015-12-28,https://www.inaturalist.org/observations/39334925,https://inaturalist-open-data.s3.amazonaws.com/photos/62389976/medium.jpg,,40.0880996477,-119.686496456,,False,Lahontan Cutthroat Trout,Oncorhynchus henshawi henshawi,Lahontan Cutthroat Trout,Actinopterygii,1520371,Cutthroat Trout
44406559,2020-04-26,https://www.inaturalist.org/observations/44406559,https://inaturalist-open-data.s3.amazonaws.com/photos/70406432/medium.jpeg,Taken at sheep creek reservoir ,41.8561184935,-116.2647891417,,False,Rainbow Trout,Oncorhynchus mykiss,Rainbow Trout,Actinopterygii,47516,Rainbow Trout
47468947,2020-05-26,https://www.inaturalist.org/observations/47468947,https://static.inaturalist.org/photos/75288229/medium.jpg,,39.19498833,-119.86603667,,False,Brook Trout,Salvelinus fontinalis,Brook Trout,Actinopterygii,49596,Brook Trout
47873490,2020-05-24,https://www.inaturalist.org/observations/47873490,https://inaturalist-open-data.s3.amazonaws.com/photos/75940516/medium.jpg,,41.17075,-119.8164944444,,False,Rainbow Trout,Oncorhynchus mykiss,Rainbow Trout,Actinopterygii,47516,Rainbow Trout
50127187,2020-06-17,https://www.inaturalist.org/observations/50127187,https://static.inaturalist.org/photos/79598163/medium.jpg,,39.3797606798,-119.8480289278,,False,Brook Trout,Salvelinus fontinalis,Brook Trout,Actinopterygii,49596,Brook Trout
50285724,2018-10-25,https://www.inaturalist.org/observations/50285724,https://static.inaturalist.org/photos/79848656/medium.jpg,,38.9073833333,-119.7342383333,,False,Rainbow Trout,Oncorhynchus mykiss,Rainbow Trout,Actinopterygii,47516,Rainbow Trout
50286011,2020-02-01,https://www.inaturalist.org/observations/50286011,https://static.inaturalist.org/photos/79849142/medium.jpg,,38.90772,-119.7349783333,,False,Rainbow Trout,Oncorhynchus mykiss,Rainbow Trout,Actinopterygii,47516,Rainbow Trout
50467073,2020-06-21,https://www.inaturalist.org/observations/50467073,https://static.inaturalist.org/photos/80132430/medium.jpeg,,39.5305827097,-119.7216377865,,False,,Oncorhynchus,Pacific Salmons and Trouts,Actinopterygii,47522,Unspecified
50608894,2020-06-21,https://www.inaturalist.org/observations/50608894,https://inaturalist-open-data.s3.amazonaws.com/photos/80356526/medium.jpeg,,38.6134194444,-117.3017666667,,False,Oncorhynchus,Oncorhynchus,Pacific Salmons and Trouts,Actinopterygii,47522,Unspecified
55210452,2020-08-01,https://www.inaturalist.org/observations/55210452,https://inaturalist-open-data.s3.amazonaws.com/photos/87897147/medium.jpg,Planted fish,40.65424667,-115.43911167,,False,Tiger Trout,Salmo trutta × Salvelinus fontinalis,Tiger Trout,Actinopterygii,705661,Tiger Trout
55210870,2020-08-01,https://www.inaturalist.org/observations/55210870,https://inaturalist-open-data.s3.amazonaws.com/photos/87897847/medium.jpg,,40.65422833,-115.43913333,,False,Brook Trout,Salvelinus fontinalis,Brook Trout,Actinopterygii,49596,Brook Trout
58965649,2020-09-03,https://www.inaturalist.org/observations/58965649,https://inaturalist-open-data.s3.amazonaws.com/photos/94176109/medium.jpg,RX10_00769,38.1550249466,-115.6264560613,,False,Brown Trout,Salmo trutta,Brown Trout,Actinopterygii,47518,Brown Trout
59261617,2020-07-25,https://www.inaturalist.org/observations/59261617,https://static.inaturalist.org/photos/94677753/medium.jpg,,39.5218137127,-119.7758587192,,False,Brook Trout,Salvelinus fontinalis,Brook Trout,Actinopterygii,49596,Brook Trout
60148931,2020-09-19,https://www.inaturalist.org/observations/60148931,https://inaturalist-open-data.s3.amazonaws.com/photos/96155501/medium.jpeg,,39.3093231473,-119.8978101852,,False,Brook Trout,Salvelinus fontinalis,Brook Trout,Actinopterygii,49596,Brook Trout
60237224,2020-09-20,https://www.inaturalist.org/observations/60237224,https://static.inaturalist.org/photos/96299788/medium.jpg,,40.6017333333,-115.377845,,False,Brook Trout,Salvelinus fontinalis,Brook Trout,Actinopterygii,49596,Brook Trout
60742221,2020-09-24,https://www.inaturalist.org/observations/60742221,https://static.inaturalist.org/photos/97147277/medium.jpg,,39.5218291881,-119.776690454,,False,Lahontan Cutthroat Trout,Oncorhynchus henshawi henshawi,Lahontan Cutthroat Trout,Actinopterygii,1520371,Cutthroat Trout
60819977,2019-10-02,https://www.inaturalist.org/observations/60819977,https://inaturalist-open-data.s3.amazonaws.com/photos/98701115/medium.jpg,,39.52395,-119.817245,,False,Salmons and Trouts,Salmoninae,Salmons and Trouts,Actinopterygii,342904,Unspecified
61048439,2020-09-27,https://www.inaturalist.org/observations/61048439,https://inaturalist-open-data.s3.amazonaws.com/photos/97654226/medium.jpg,,38.9115116337,-114.1631967261,,False,Bonneville Cutthroat Trout,Oncorhynchus virginalis utah,Bonneville Cutthroat Trout,Actinopterygii,1520377,Cutthroat Trout
61507714,2020-09-07,https://www.inaturalist.org/observations/61507714,https://static.inaturalist.org/photos/100061606/medium.jpg,,38.9753740399,-114.2411578777,,False,Brown Trout,Salmo trutta,Brown Trout,Actinopterygii,47518,Brown Trout
61521649,2020-09-30,https://www.inaturalist.org/observations/61521649,https://static.inaturalist.org/photos/98461489/medium.jpg,,40.5830583333,-115.394745,,False,Brook Trout,Salvelinus fontinalis,Brook Trout,Actinopterygii,49596,Brook Trout
61641147,2020-10-03,https://www.inaturalist.org/observations/61641147,https://inaturalist-open-data.s3.amazonaws.com/photos/98656848/medium.jpeg,,39.3093515139,-119.8979100357,,False,Brook Trout,Salvelinus fontinalis,Brook Trout,Actinopterygii,49596,Brook Trout
62441740,2020-10-12,https://www.inaturalist.org/observations/62441740,https://inaturalist-open-data.s3.amazonaws.com/photos/100044212/medium.jpeg,,39.1301504894,-119.9091189355,,False,Brook Trout,Salvelinus fontinalis,Brook Trout,Actinopterygii,49596,Brook Trout
62575551,2020-10-10,https://www.inaturalist.org/observations/62575551,https://static.inaturalist.org/photos/100282063/medium.jpg,,39.4649769167,-119.9179695278,,False,Brook Trout,Salvelinus fontinalis,Brook Trout,Actinopterygii,49596,Brook Trout
62972675,2020-10-18,https://www.inaturalist.org/observations/62972675,https://inaturalist-open-data.s3.amazonaws.com/photos/100988983/medium.jpg,,38.02265833,-114.20053833,,False,Tiger Trout,Salmo trutta × Salvelinus fontinalis,Tiger Trout,Actinopterygii,705661,Tiger Trout
63136920,2020-09-19,https://www.inaturalist.org/observations/63136920,https://static.inaturalist.org/photos/101279035/medium.jpeg,,39.1636302383,-114.8148027062,,False,Rainbow Trout,Oncorhynchus mykiss,Rainbow Trout,Actinopterygii,47516,Rainbow Trout
65558087,2019-10-15,https://www.inaturalist.org/observations/65558087,https://inaturalist-open-data.s3.amazonaws.com/photos/105538462/medium.jpeg,,41.30216667,-115.967475,,False,Humboldt Cutthroat Trout,Oncorhynchus henshawi humboldtensis,Humboldt Cutthroat Trout,Actinopterygii,1567889,Cutthroat Trout
67209765,2020-12-28,https://www.inaturalist.org/observations/67209765,https://static.inaturalist.org/photos/108531567/medium.jpeg,,39.8658585409,-119.4815675262,,False,Lahontan Cutthroat Trout,Oncorhynchus henshawi henshawi,Lahontan Cutthroat Trout,Actinopterygii,1520371,Cutthroat Trout
68516517,2021-01-20,https://www.inaturalist.org/observations/68516517,https://inaturalist-open-data.s3.amazonaws.com/photos/110961801/medium.jpg,,36.3226338287,-115.2676458638,,False,Rainbow Trout,Oncorhynchus mykiss,Rainbow Trout,Actinopterygii,47516,Rainbow Trout
69204983,2021-01-17,https://www.inaturalist.org/observations/69204983,https://inaturalist-open-data.s3.amazonaws.com/photos/118071971/medium.jpg,Pilot Peak strain. 14 lbs weighed. Catch & release. ,39.8896254898,-119.5132464124,,False,Lahontan Cutthroat Trout,Oncorhynchus henshawi henshawi,Lahontan Cutthroat Trout,Actinopterygii,1520371,Cutthroat Trout
69781654,2021-02-17,https://www.inaturalist.org/observations/69781654,https://inaturalist-open-data.s3.amazonaws.com/photos/113311442/medium.jpg,,40.0145595607,-119.6248776553,,False,Lahontan Cutthroat Trout,Oncorhynchus henshawi henshawi,Lahontan Cutthroat Trout,Actinopterygii,1520371,Cutthroat Trout
70074895,2021-02-13,https://www.inaturalist.org/observations/70074895,https://inaturalist-open-data.s3.amazonaws.com/photos/113851333/medium.jpg,12 lbs. Catch & release. ,39.87175,-119.48842,,False,Lahontan Cutthroat Trout,Oncorhynchus henshawi henshawi,Lahontan Cutthroat Trout,Actinopterygii,1520371,Cutthroat Trout
71135055,2018-06-29,https://www.inaturalist.org/observations/71135055,https://inaturalist-open-data.s3.amazonaws.com/photos/115763504/medium.jpeg,,39.2994545541,-119.9148401981,,False,Brook Trout,Salvelinus fontinalis,Brook Trout,Actinopterygii,49596,Brook Trout
71627777,2021-03-13,https://www.inaturalist.org/observations/71627777,https://inaturalist-open-data.s3.amazonaws.com/photos/116646263/medium.jpg,No weight on this one. Catch and release. ,39.999425,-119.6244583333,,False,Lahontan Cutthroat Trout,Oncorhynchus henshawi henshawi,Lahontan Cutthroat Trout,Actinopterygii,1520371,Cutthroat Trout
71627869,2021-03-15,https://www.inaturalist.org/observations/71627869,https://inaturalist-open-data.s3.amazonaws.com/photos/118072032/medium.jpg,Catch and release. ,39.9996223605,-119.6241973215,,False,Lahontan Cutthroat Trout,Oncorhynchus henshawi henshawi,Lahontan Cutthroat Trout,Actinopterygii,1520371,Cutthroat Trout
71627927,2021-02-14,https://www.inaturalist.org/observations/71627927,https://inaturalist-open-data.s3.amazonaws.com/photos/116647242/medium.jpg,Catch and release. ,39.8894883333,-119.5134116667,,False,Lahontan Cutthroat Trout,Oncorhynchus henshawi henshawi,Lahontan Cutthroat Trout,Actinopterygii,1520371,Cutthroat Trout
71628358,2021-02-12,https://www.inaturalist.org/observations/71628358,https://inaturalist-open-data.s3.amazonaws.com/photos/116647257/medium.jpg,Catch and release,39.8717,-119.4883883333,,False,Lahontan Cutthroat Trout,Oncorhynchus henshawi henshawi,Lahontan Cutthroat Trout,Actinopterygii,1520371,Cutthroat Trout
72420645,2021-03-25,https://www.inaturalist.org/observations/72420645,https://inaturalist-open-data.s3.amazonaws.com/photos/118072157/medium.jpg,Catch & release,39.9983883333,-119.6247716667,,False,Lahontan Cutthroat Trout,Oncorhynchus henshawi henshawi,Lahontan Cutthroat Trout,Actinopterygii,1520371,Cutthroat Trout
72420700,2021-03-25,https://www.inaturalist.org/observations/72420700,https://inaturalist-open-data.s3.amazonaws.com/photos/118072189/medium.jpg,Catch & release,39.9989466667,-119.62465,,False,Lahontan Cutthroat Trout,Oncorhynchus henshawi henshawi,Lahontan Cutthroat Trout,Actinopterygii,1520371,Cutthroat Trout
72501262,2021-03-29,https://www.inaturalist.org/observations/72501262,https://inaturalist-open-data.s3.amazonaws.com/photos/118217512/medium.jpg,,39.4925033333,-119.896355,,False,Brook Trout,Salvelinus fontinalis,Brook Trout,Actinopterygii,49596,Brook Trout
72632333,2021-04-01,https://www.inaturalist.org/observations/72632333,https://inaturalist-open-data.s3.amazonaws.com/photos/118454538/medium.jpg,,39.39167,-119.8400633333,,False,Rainbow Trout,Oncorhynchus mykiss,Rainbow Trout,Actinopterygii,47516,Rainbow Trout
73508305,2021-04-08,https://www.inaturalist.org/observations/73508305,https://inaturalist-open-data.s3.amazonaws.com/photos/120017117/medium.jpg,Cuttbow trout (cutthroat x rainbow hybrid),40.1036054572,-115.5316534988,,False,Lahontan Cutbow,Oncorhynchus mykiss × henshawi,Lahontan Cutbow,Actinopterygii,1529902,Cutbow Hybrid
73508453,2021-04-08,https://www.inaturalist.org/observations/73508453,https://inaturalist-open-data.s3.amazonaws.com/photos/120017375/medium.jpg,,40.2491544027,-115.4685795076,,False,Tiger Trout,Salmo trutta × Salvelinus fontinalis,Tiger Trout,Actinopterygii,705661,Tiger Trout
73913342,2021-04-10,https://www.inaturalist.org/observations/73913342,https://inaturalist-open-data.s3.amazonaws.com/photos/120739651/medium.jpg,Catch & release,40.0987778333,-119.6924283333,,False,Lahontan Cutthroat Trout,Oncorhynchus henshawi henshawi,Lahontan Cutthroat Trout,Actinopterygii,1520371,Cutthroat Trout
74474596,2021-01-16,https://www.inaturalist.org/observations/74474596,https://inaturalist-open-data.s3.amazonaws.com/photos/121720824/medium.jpg,,40.0538201758,-119.5748415917,,False,Lahontan Cutthroat Trout,Oncorhynchus henshawi henshawi,Lahontan Cutthroat Trout,Actinopterygii,1520371,Cutthroat Trout
74874644,2021-04-22,https://www.inaturalist.org/observations/74874644,https://inaturalist-open-data.s3.amazonaws.com/photos/122427808/medium.jpg,,39.492255,-119.8968366667,,False,Rainbow Trout,Oncorhynchus mykiss,Rainbow Trout,Actinopterygii,47516,Rainbow Trout
74948171,2021-04-23,https://www.inaturalist.org/observations/74948171,https://inaturalist-open-data.s3.amazonaws.com/photos/122557788/medium.jpg,Noticeable pink on gill plate and side.,39.1660945,-114.815405,,False,Rainbow Trout,Oncorhynchus mykiss,Rainbow Trout,Actinopterygii,47516,Rainbow Trout
75931106,2021-04-30,https://www.inaturalist.org/observations/75931106,https://inaturalist-open-data.s3.amazonaws.com/photos/124240724/medium.jpg,,39.3913616667,-119.8427666667,,False,Brook Trout,Salvelinus fontinalis,Brook Trout,Actinopterygii,49596,Brook Trout
79405089,2021-05-07,https://www.inaturalist.org/observations/79405089,https://static.inaturalist.org/photos/130062358/medium.jpg,,39.5218701711,-119.7782816149,,False,Rainbow Trout,Oncorhynchus mykiss,Rainbow Trout,Actinopterygii,47516,Rainbow Trout
79471964,2021-05-19,https://www.inaturalist.org/observations/79471964,https://inaturalist-open-data.s3.amazonaws.com/photos/130168372/medium.jpg,,39.2594185312,-119.9558950524,,False,Rainbow Trout,Oncorhynchus mykiss,Rainbow Trout,Actinopterygii,47516,Rainbow Trout
79606500,2021-05-19,https://www.inaturalist.org/observations/79606500,https://inaturalist-open-data.s3.amazonaws.com/photos/130405144/medium.jpg,,38.8041916667,-117.3285833333,,False,Brook Trout,Salvelinus fontinalis,Brook Trout,Actinopterygii,49596,Brook Trout
79885134,2021-03-16,https://www.inaturalist.org/observations/79885134,https://static.inaturalist.org/photos/130881616/medium.jpeg,,38.6478703056,-119.3293074444,,False,Brown Trout,Salmo trutta,Brown Trout,Actinopterygii,47518,Brown Trout
80032549,2021-03-30,https://www.inaturalist.org/observations/80032549,https://inaturalist-open-data.s3.amazonaws.com/photos/131133900/medium.jpg,,38.0243916667,-114.1983116667,,False,Tiger Trout,Salmo trutta × Salvelinus fontinalis,Tiger Trout,Actinopterygii,705661,Tiger Trout
80411884,2021-02-03,https://www.inaturalist.org/observations/80411884,https://static.inaturalist.org/photos/131791915/medium.jpg,,39.5207533171,-119.7743825596,,False,Brown Trout,Salmo trutta,Brown Trout,Actinopterygii,47518,Brown Trout
80995763,2021-05-30,https://www.inaturalist.org/observations/80995763,https://static.inaturalist.org/photos/132803729/medium.jpg,,39.5191913714,-119.7762676705,,False,Tiger Trout,Salmo trutta × Salvelinus fontinalis,Tiger Trout,Actinopterygii,705661,Tiger Trout
82952599,2021-06-13,https://www.inaturalist.org/observations/82952599,https://static.inaturalist.org/photos/136193879/medium.png,"This is Loni (spelling?). She lives at the Tahoe Environmental Research Center. Because Loni is on the endangered or threatend species list, TERC has a permit with the Nevada Department of Wildlife.",39.2426501849,-119.9396696738,,False,Lahontan Cutthroat Trout,Oncorhynchus henshawi henshawi,Lahontan Cutthroat Trout,Actinopterygii,1520371,Cutthroat Trout
83012819,2021-06-13,https://www.inaturalist.org/observations/83012819,https://static.inaturalist.org/photos/136298718/medium.jpg,,39.2465826858,-115.3430146131,obscured,True,Rainbow Trout,Oncorhynchus mykiss,Rainbow Trout,Actinopterygii,47516,Rainbow Trout
83013259,2021-06-13,https://www.inaturalist.org/observations/83013259,https://static.inaturalist.org/photos/136333748/medium.jpg,,39.2279674061,-115.2666584565,obscured,True,Rainbow Trout,Oncorhynchus mykiss,Rainbow Trout,Actinopterygii,47516,Rainbow Trout
83013445,2021-06-13,https://www.inaturalist.org/observations/83013445,https://static.inaturalist.org/photos/136340709/medium.jpg,,39.3588230777,-115.2133847516,obscured,True,Rainbow Trout,Oncorhynchus mykiss,Rainbow Trout,Actinopterygii,47516,Rainbow Trout
83036907,2021-06-13,https://www.inaturalist.org/observations/83036907,https://static.inaturalist.org/photos/136340774/medium.jpg,,39.3124675003,-115.2380586052,obscured,True,Rainbow Trout,Oncorhynchus mykiss,Rainbow Trout,Actinopterygii,47516,Rainbow Trout
83036953,2021-06-13,https://www.inaturalist.org/observations/83036953,https://static.inaturalist.org/photos/136340843/medium.jpg,,39.3797179411,-115.2254838203,obscured,True,Rainbow Trout,Oncorhynchus mykiss,Rainbow Trout,Actinopterygii,47516,Rainbow Trout
83036993,2021-06-13,https://www.inaturalist.org/observations/83036993,https://static.inaturalist.org/photos/136340933/medium.jpg,,39.2589141037,-115.3563207521,obscured,True,Rainbow Trout,Oncorhynchus mykiss,Rainbow Trout,Actinopterygii,47516,Rainbow Trout
83350052,2021-06-16,https://www.inaturalist.org/observations/83350052,https://inaturalist-open-data.s3.amazonaws.com/photos/136883029/medium.jpeg,,39.3073950347,-119.900859242,,False,Brook Trout,Salvelinus fontinalis,Brook Trout,Actinopterygii,49596,Brook Trout
83673321,2021-06-15,https://www.inaturalist.org/observations/83673321,https://inaturalist-open-data.s3.amazonaws.com/photos/137440288/medium.jpg,,38.9439651125,-114.2978072441,,False,Bonneville Cutthroat Trout,Oncorhynchus virginalis utah,Bonneville Cutthroat Trout,Actinopterygii,1520377,Cutthroat Trout
83997910,2021-06-19,https://www.inaturalist.org/observations/83997910,https://static.inaturalist.org/photos/138008614/medium.jpg,,39.3012833167,-119.9178683167,,False,Brook Trout,Salvelinus fontinalis,Brook Trout,Actinopterygii,49596,Brook Trout
85830404,2021-07-05,https://www.inaturalist.org/observations/85830404,https://static.inaturalist.org/photos/144229706/medium.jpeg,,38.96853642,-114.26175127,,False,Bonneville cutthroat trout,Oncorhynchus virginalis utah,Bonneville Cutthroat Trout,Actinopterygii,1520377,Cutthroat Trout
86162747,2021-07-04,https://www.inaturalist.org/observations/86162747,https://inaturalist-open-data.s3.amazonaws.com/photos/141897363/medium.jpeg,,41.892529,-115.4278079722,,False,Columbia River Redband Trout,Oncorhynchus mykiss gairdneri,Columbia River Redband Trout,Actinopterygii,237543,Redband Trout
86858532,2021-05-30,https://www.inaturalist.org/observations/86858532,https://static.inaturalist.org/photos/143162793/medium.jpg,,39.51447833,-119.99755833,,False,Lahontan Cutthroat Trout,Oncorhynchus henshawi henshawi,Lahontan Cutthroat Trout,Actinopterygii,1520371,Cutthroat Trout
87655085,2021-04-11,https://www.inaturalist.org/observations/87655085,https://inaturalist-open-data.s3.amazonaws.com/photos/144539889/medium.jpg,,39.2668382771,-119.7987876753,,False,Brown Trout,Salmo trutta,Brown Trout,Actinopterygii,47518,Brown Trout
87674264,2021-07-16,https://www.inaturalist.org/observations/87674264,https://static.inaturalist.org/photos/144575566/medium.jpeg,,41.84,-115.4269444444,,False,Columbia River Redband Trout,Oncorhynchus mykiss,Rainbow Trout,Actinopterygii,47516,Rainbow Trout
91479421,2021-08-16,https://www.inaturalist.org/observations/91479421,https://inaturalist-open-data.s3.amazonaws.com/photos/151323364/medium.jpg,,38.8815833333,-114.1962133333,,False,Bonneville Cutthroat Trout,Oncorhynchus virginalis utah,Bonneville Cutthroat Trout,Actinopterygii,1520377,Cutthroat Trout
93614792,2021-09-03,https://www.inaturalist.org/observations/93614792,https://inaturalist-open-data.s3.amazonaws.com/photos/155179588/medium.jpg,,40.9216283333,-117.6564333333,,False,Brook Trout,Salvelinus fontinalis,Brook Trout,Actinopterygii,49596,Brook Trout
97269698,2021-07-02,https://www.inaturalist.org/observations/97269698,https://inaturalist-open-data.s3.amazonaws.com/photos/161735879/medium.jpeg,,38.9696355997,-114.2609381,,False,Bonneville Cutthroat Trout,Oncorhynchus virginalis utah,Bonneville Cutthroat Trout,Actinopterygii,1520377,Cutthroat Trout
97298627,2021-10-05,https://www.inaturalist.org/observations/97298627,https://static.inaturalist.org/photos/161790407/medium.jpg,,39.244100319,-119.9404258181,,False,Brook Trout,Salvelinus fontinalis,Brook Trout,Actinopterygii,49596,Brook Trout
99591665,2021-10-27,https://www.inaturalist.org/observations/99591665,https://inaturalist-open-data.s3.amazonaws.com/photos/166052731/medium.jpg,,37.4946883333,-114.0616445,,False,Rainbow Trout,Oncorhynchus mykiss,Rainbow Trout,Actinopterygii,47516,Rainbow Trout
99915238,2021-09-02,https://www.inaturalist.org/observations/99915238,https://static.inaturalist.org/photos/166669322/medium.jpg,,40.02293285,-119.5549316,,False,Lahontan Cutthroat Trout,Oncorhynchus henshawi henshawi,Lahontan Cutthroat Trout,Actinopterygii,1520371,Cutthroat Trout
102562230,2021-12-05,https://www.inaturalist.org/observations/102562230,https://inaturalist-open-data.s3.amazonaws.com/photos/171493678/medium.jpg,,39.1932130386,-119.9335632242,,False,Lake Trout,Salvelinus namaycush,Lake Trout,Actinopterygii,111991,Lake Trout
104358702,2021-06-02,https://www.inaturalist.org/observations/104358702,https://inaturalist-open-data.s3.amazonaws.com/photos/174847478/medium.jpg,,39.1369537905,-119.9209399324,,False,Brook Trout,Salvelinus fontinalis,Brook Trout,Actinopterygii,49596,Brook Trout
106896132,2021-10-09,https://www.inaturalist.org/observations/106896132,https://inaturalist-open-data.s3.amazonaws.com/photos/179677097/medium.jpeg,,39.5231831065,-119.8202231526,,False,Rainbow Trout,Oncorhynchus mykiss,Rainbow Trout,Actinopterygii,47516,Rainbow Trout
107086117,2022-02-19,https://www.inaturalist.org/observations/107086117,https://static.inaturalist.org/photos/180035810/medium.jpg,,40.0962280299,-119.7941981037,obscured,True,Lahontan Cutthroat Trout,Oncorhynchus henshawi henshawi,Lahontan Cutthroat Trout,Actinopterygii,1520371,Cutthroat Trout
107164996,2022-02-20,https://www.inaturalist.org/observations/107164996,https://static.inaturalist.org/photos/180185885/medium.jpg,,40.1502095997,-119.7934178736,obscured,True,Lahontan Cutthroat Trout,Oncorhynchus henshawi henshawi,Lahontan Cutthroat Trout,Actinopterygii,1520371,Cutthroat Trout
107193961,2022-02-20,https://www.inaturalist.org/observations/107193961,https://static.inaturalist.org/photos/180294531/medium.jpg,,40.1567121678,-119.6917047855,obscured,True,Lahontan Cutthroat Trout,Oncorhynchus henshawi henshawi,Lahontan Cutthroat Trout,Actinopterygii,1520371,Cutthroat Trout
109052944,2022-03-19,https://www.inaturalist.org/observations/109052944,https://inaturalist-open-data.s3.amazonaws.com/photos/183727711/medium.jpg,"Caught on a single, barbless hook and released unharmed back into the water. ",39.8945649964,-119.4915155336,obscured,True,Lahontan Cutthroat Trout,Oncorhynchus henshawi henshawi,Lahontan Cutthroat Trout,Actinopterygii,1520371,Cutthroat Trout
111143451,2022-02-10,https://www.inaturalist.org/observations/111143451,https://static.inaturalist.org/photos/187587387/medium.jpg,,39.5206703933,-119.7793902241,,False,Brown Trout,Salmo trutta,Brown Trout,Actinopterygii,47518,Brown Trout
111144428,2021-11-01,https://www.inaturalist.org/observations/111144428,https://static.inaturalist.org/photos/187589425/medium.jpg,,39.5217349879,-119.7780419142,,False,Brown Trout,Salmo trutta,Brown Trout,Actinopterygii,47518,Brown Trout
111144905,2020-09-24,https://www.inaturalist.org/observations/111144905,https://static.inaturalist.org/photos/187590426/medium.jpg,,39.5217833312,-119.7751515953,,False,Lahontan Cutthroat Trout,Oncorhynchus henshawi henshawi,Lahontan Cutthroat Trout,Actinopterygii,1520371,Cutthroat Trout
111144998,2021-11-17,https://www.inaturalist.org/observations/111144998,https://static.inaturalist.org/photos/187590598/medium.jpg,,39.5217886979,-119.7749247906,,False,Rainbow Trout,Oncorhynchus mykiss,Rainbow Trout,Actinopterygii,47516,Rainbow Trout
111145126,2022-04-06,https://www.inaturalist.org/observations/111145126,https://static.inaturalist.org/photos/187590733/medium.jpg,,39.520138426,-119.7797074625,,False,Brown Trout,Salmo trutta,Brown Trout,Actinopterygii,47518,Brown Trout
111145368,2021-05-07,https://www.inaturalist.org/observations/111145368,https://static.inaturalist.org/photos/187591186/medium.jpg,,39.5213745547,-119.7745229796,,False,Rainbow Trout,Oncorhynchus mykiss,Rainbow Trout,Actinopterygii,47516,Rainbow Trout
111145547,2021-06-10,https://www.inaturalist.org/observations/111145547,https://static.inaturalist.org/photos/187591433/medium.jpg,,39.5194884436,-119.7783100486,,False,Rainbow Trout,Oncorhynchus mykiss,Rainbow Trout,Actinopterygii,47516,Rainbow Trout
111145625,2022-03-31,https://www.inaturalist.org/observations/111145625,https://static.inaturalist.org/photos/187591578/medium.jpg,,39.521905197,-119.7775985199,,False,Rainbow Trout,Oncorhynchus mykiss,Rainbow Trout,Actinopterygii,47516,Rainbow Trout
111145926,2020-07-25,https://www.inaturalist.org/observations/111145926,https://static.inaturalist.org/photos/187592022/medium.jpg,,39.5216280724,-119.7788745246,,False,Brook Trout,Salvelinus fontinalis,Brook Trout,Actinopterygii,49596,Brook Trout
111380869,2022-04-13,https://www.inaturalist.org/observations/111380869,https://static.inaturalist.org/photos/188020298/medium.jpg,,39.5217168881,-119.7786287784,,False,Brown Trout,Salmo trutta,Brown Trout,Actinopterygii,47518,Brown Trout
111381014,2022-04-13,https://www.inaturalist.org/observations/111381014,https://static.inaturalist.org/photos/188020620/medium.jpg,,39.5218224787,-119.7752258359,,False,Brown Trout,Salmo trutta,Brown Trout,Actinopterygii,47518,Brown Trout
111381119,2022-04-13,https://www.inaturalist.org/observations/111381119,https://static.inaturalist.org/photos/188020815/medium.jpg,,39.5217534002,-119.77614673,,False,Rainbow Trout,Oncorhynchus mykiss,Rainbow Trout,Actinopterygii,47516,Rainbow Trout
111381219,2022-04-13,https://www.inaturalist.org/observations/111381219,https://static.inaturalist.org/photos/188020961/medium.jpg,,39.5194010162,-119.7783788136,,False,Tiger Trout,Salmo trutta × Salvelinus fontinalis,Tiger Trout,Actinopterygii,705661,Tiger Trout
111381244,2022-04-13,https://www.inaturalist.org/observations/111381244,https://static.inaturalist.org/photos/188021003/medium.jpg,,39.5217629013,-119.7773272058,,False,Salmons and Trouts,Oncorhynchus mykiss,Rainbow Trout,Actinopterygii,47516,Rainbow Trout
111381357,2022-04-13,https://www.inaturalist.org/observations/111381357,https://static.inaturalist.org/photos/188021307/medium.jpg,,39.5218714321,-119.7745653196,,False,Brown Trout,Salmo trutta,Brown Trout,Actinopterygii,47518,Brown Trout
112340436,2022-04-21,https://www.inaturalist.org/observations/112340436,https://inaturalist-open-data.s3.amazonaws.com/photos/189752815/medium.jpg,Two different species?  Ideas.,38.0233452261,-114.2020097508,,False,Tiger Trout,Salmo trutta × Salvelinus fontinalis,Tiger Trout,Actinopterygii,705661,Tiger Trout
114566046,2021-07-24,https://www.inaturalist.org/observations/114566046,https://inaturalist-open-data.s3.amazonaws.com/photos/193455867/medium.jpg,,38.8987533333,-119.8243783333,,False,Brook Trout,Salvelinus fontinalis,Brook Trout,Actinopterygii,49596,Brook Trout
117019198,2022-05-10,https://www.inaturalist.org/observations/117019198,https://inaturalist-open-data.s3.amazonaws.com/photos/197578212/medium.jpg,,41.9248378489,-116.0866455685,,False,Columbia River Redband Trout,Oncorhynchus mykiss gairdneri,Columbia River Redband Trout,Actinopterygii,237543,Redband Trout
117019244,2022-05-11,https://www.inaturalist.org/observations/117019244,https://inaturalist-open-data.s3.amazonaws.com/photos/197578324/medium.jpg,,41.8757033166,-116.0160935319,,False,Columbia River Redband Trout,Oncorhynchus mykiss gairdneri,Columbia River Redband Trout,Actinopterygii,237543,Redband Trout
117071462,2022-05-14,https://www.inaturalist.org/observations/117071462,https://inaturalist-open-data.s3.amazonaws.com/photos/197672461/medium.jpg,,39.464795,-119.9176866667,,False,Brook Trout,Salvelinus fontinalis,Brook Trout,Actinopterygii,49596,Brook Trout
120099484,2022-06-01,https://www.inaturalist.org/observations/120099484,https://inaturalist-open-data.s3.amazonaws.com/photos/203094741/medium.jpeg,,39.3348127,-115.3872285,,False,Rainbow Trout,Oncorhynchus mykiss,Rainbow Trout,Actinopterygii,47516,Rainbow Trout
120988877,2022-06-09,https://www.inaturalist.org/observations/120988877,https://inaturalist-open-data.s3.amazonaws.com/photos/205448110/medium.jpg,,41.8588082349,-115.9642099116,,False,Brook Trout,Salvelinus fontinalis,Brook Trout,Actinopterygii,49596,Brook Trout
121412208,2022-06-09,https://www.inaturalist.org/observations/121412208,https://inaturalist-open-data.s3.amazonaws.com/photos/205448274/medium.jpg,,41.909159175,-115.8783819908,,False,Brook Trout,Salvelinus fontinalis,Brook Trout,Actinopterygii,49596,Brook Trout
121412246,2022-06-09,https://www.inaturalist.org/observations/121412246,https://inaturalist-open-data.s3.amazonaws.com/photos/205448340/medium.jpg,,41.9564318727,-115.8588791315,,False,Columbia River Redband Trout,Oncorhynchus mykiss gairdneri,Columbia River Redband Trout,Actinopterygii,237543,Redband Trout
121412505,2022-06-10,https://www.inaturalist.org/observations/121412505,https://inaturalist-open-data.s3.amazonaws.com/photos/205448746/medium.jpg,,41.6911994129,-116.0295612886,,False,Rainbow Trout,Oncorhynchus mykiss,Rainbow Trout,Actinopterygii,47516,Rainbow Trout
121412579,2022-06-11,https://www.inaturalist.org/observations/121412579,https://inaturalist-open-data.s3.amazonaws.com/photos/205448885/medium.jpg,,41.4149999941,-116.0516418547,,False,Rainbow Trout,Oncorhynchus mykiss,Rainbow Trout,Actinopterygii,47516,Rainbow Trout
121965693,2022-06-15,https://www.inaturalist.org/observations/121965693,https://inaturalist-open-data.s3.amazonaws.com/photos/206450072/medium.jpg,I’m not sure what species of cutthroat are in the truckee but this was my first one.,39.5102466667,-119.8753966667,,False,Lahontan Cutthroat Trout,Oncorhynchus henshawi henshawi,Lahontan Cutthroat Trout,Actinopterygii,1520371,Cutthroat Trout
123010534,2022-06-22,https://www.inaturalist.org/observations/123010534,https://inaturalist-open-data.s3.amazonaws.com/photos/208340409/medium.jpg,,38.61347,-117.3016833333,,False,Rainbow Trout,Oncorhynchus mykiss,Rainbow Trout,Actinopterygii,47516,Rainbow Trout
123402574,2022-06-25,https://www.inaturalist.org/observations/123402574,https://inaturalist-open-data.s3.amazonaws.com/photos/209044835/medium.jpeg,,39.5306167603,-119.7217178345,,False,Rainbow Trout,Oncorhynchus mykiss,Rainbow Trout,Actinopterygii,47516,Rainbow Trout
123402685,2022-06-25,https://www.inaturalist.org/observations/123402685,https://inaturalist-open-data.s3.amazonaws.com/photos/209131976/medium.jpeg,,39.5307197571,-119.7218017578,,False,Brook Trout,Salvelinus fontinalis,Brook Trout,Actinopterygii,49596,Brook Trout
124785774,2022-07-04,https://www.inaturalist.org/observations/124785774,https://static.inaturalist.org/photos/211543309/medium.jpg,,39.5113716667,-119.860625,,False,Pacific Salmons and Trouts,Oncorhynchus mykiss,Rainbow Trout,Actinopterygii,47516,Rainbow Trout
126024421,2022-06-30,https://www.inaturalist.org/observations/126024421,https://inaturalist-open-data.s3.amazonaws.com/photos/213784433/medium.jpg,,38.88041,-114.14648,,False,Bonneville Cutthroat Trout,Oncorhynchus virginalis utah,Bonneville Cutthroat Trout,Actinopterygii,1520377,Cutthroat Trout
127295351,2022-05-05,https://www.inaturalist.org/observations/127295351,https://inaturalist-open-data.s3.amazonaws.com/photos/216095292/medium.jpeg,,40.0631059147,-119.562429674,,False,Lahontan Cutthroat Trout,Oncorhynchus henshawi henshawi,Lahontan Cutthroat Trout,Actinopterygii,1520371,Cutthroat Trout
129501906,2022-08-02,https://www.inaturalist.org/observations/129501906,https://inaturalist-open-data.s3.amazonaws.com/photos/220083864/medium.jpeg,,41.5184783936,-119.0485687256,,False,Lahontan Cutthroat Trout,Oncorhynchus henshawi henshawi,Lahontan Cutthroat Trout,Actinopterygii,1520371,Cutthroat Trout
129988369,2022-08-07,https://www.inaturalist.org/observations/129988369,https://inaturalist-open-data.s3.amazonaws.com/photos/220989414/medium.jpg,,39.3073,-119.9007866667,,False,Brook Trout,Salvelinus fontinalis,Brook Trout,Actinopterygii,49596,Brook Trout
130398870,2022-08-08,https://www.inaturalist.org/observations/130398870,https://inaturalist-open-data.s3.amazonaws.com/photos/221755811/medium.jpg,,41.7177006745,-115.2374315532,,False,Rainbow Trout,Oncorhynchus mykiss,Rainbow Trout,Actinopterygii,47516,Rainbow Trout
130398937,2022-08-09,https://www.inaturalist.org/observations/130398937,https://inaturalist-open-data.s3.amazonaws.com/photos/221755901/medium.jpg,,41.8505954922,-115.16169788,,False,Rainbow Trout,Oncorhynchus mykiss,Rainbow Trout,Actinopterygii,47516,Rainbow Trout
130398955,2022-08-09,https://www.inaturalist.org/observations/130398955,https://inaturalist-open-data.s3.amazonaws.com/photos/221756003/medium.jpg,,41.6215283875,-115.0598527278,,False,Rainbow Trout,Oncorhynchus mykiss,Rainbow Trout,Actinopterygii,47516,Rainbow Trout
130399037,2022-08-10,https://www.inaturalist.org/observations/130399037,https://inaturalist-open-data.s3.amazonaws.com/photos/221756144/medium.jpg,,41.8343494798,-115.4252950316,,False,Columbia River Redband Trout,Oncorhynchus mykiss gairdneri,Columbia River Redband Trout,Actinopterygii,237543,Redband Trout
130399163,2022-08-10,https://www.inaturalist.org/observations/130399163,https://inaturalist-open-data.s3.amazonaws.com/photos/221756373/medium.jpg,,41.9119285967,-115.424747085,,False,Columbia River Redband Trout,Oncorhynchus mykiss gairdneri,Columbia River Redband Trout,Actinopterygii,237543,Redband Trout
130399253,2022-08-10,https://www.inaturalist.org/observations/130399253,https://inaturalist-open-data.s3.amazonaws.com/photos/221756535/medium.jpg,,41.9119412658,-115.4248108836,,False,Bull Trout,Salvelinus confluentus,Bull Trout,Actinopterygii,111978,Bull Trout
131023464,2022-04-05,https://www.inaturalist.org/observations/131023464,https://inaturalist-open-data.s3.amazonaws.com/photos/222909092/medium.jpeg,Caught by someone else. Pond was recently stocked.,39.3532334815,-119.8594749346,,False,Rainbow Trout,Oncorhynchus mykiss,Rainbow Trout,Actinopterygii,47516,Rainbow Trout
131280630,2022-08-14,https://www.inaturalist.org/observations/131280630,https://inaturalist-open-data.s3.amazonaws.com/photos/223383227/medium.jpg,,41.7436423498,-118.6825422218,obscured,True,Tiger Trout,Salmo trutta × Salvelinus fontinalis,Tiger Trout,Actinopterygii,705661,Tiger Trout
131285551,2022-07-17,https://www.inaturalist.org/observations/131285551,https://inaturalist-open-data.s3.amazonaws.com/photos/223393700/medium.jpg,,41.595113761,-115.8318551381,obscured,True,Humboldt Cutthroat Trout,Oncorhynchus henshawi humboldtensis,Humboldt Cutthroat Trout,Actinopterygii,1567889,Cutthroat Trout
131295855,2022-02-19,https://www.inaturalist.org/observations/131295855,https://inaturalist-open-data.s3.amazonaws.com/photos/223414360/medium.jpg,,39.9087172901,-119.7361684581,obscured,True,Lahontan Cutthroat Trout,Oncorhynchus henshawi henshawi,Lahontan Cutthroat Trout,Actinopterygii,1520371,Cutthroat Trout
131683994,2022-08-12,https://www.inaturalist.org/observations/131683994,https://static.inaturalist.org/photos/224132715/medium.jpeg,,39.2268696,-114.1215923997,,False,Bonneville Cutthroat Trout,Oncorhynchus virginalis utah,Bonneville Cutthroat Trout,Actinopterygii,1520377,Cutthroat Trout
131785826,2022-06-26,https://www.inaturalist.org/observations/131785826,https://inaturalist-open-data.s3.amazonaws.com/photos/224319709/medium.jpg,,40.4945091031,-115.3783272738,obscured,True,Lake Trout,Salvelinus namaycush,Lake Trout,Actinopterygii,111991,Lake Trout
131961939,2022-08-14,https://www.inaturalist.org/observations/131961939,https://inaturalist-open-data.s3.amazonaws.com/photos/224648622/medium.jpeg,,39.1654127477,-119.9331578366,,False,Brook Trout,Salvelinus fontinalis,Brook Trout,Actinopterygii,49596,Brook Trout
131961942,2022-08-14,https://www.inaturalist.org/observations/131961942,https://inaturalist-open-data.s3.amazonaws.com/photos/224648667/medium.jpeg,,39.1654471479,-119.9331235636,,False,Rainbow Trout,Oncorhynchus mykiss,Rainbow Trout,Actinopterygii,47516,Rainbow Trout
133371139,2022-09-02,https://www.inaturalist.org/observations/133371139,https://inaturalist-open-data.s3.amazonaws.com/photos/227166245/medium.jpg,,39.306136178,-119.8996146123,,False,Brook Trout,Salvelinus fontinalis,Brook Trout,Actinopterygii,49596,Brook Trout
133853776,2022-09-05,https://www.inaturalist.org/observations/133853776,https://static.inaturalist.org/photos/228062263/medium.jpeg,,39.40935,-119.8241972222,,False,Rainbow Trout,Oncorhynchus mykiss,Rainbow Trout,Actinopterygii,47516,Rainbow Trout
133853998,2022-09-05,https://www.inaturalist.org/observations/133853998,https://static.inaturalist.org/photos/228068827/medium.jpeg,,39.3757638889,-119.7572611111,,False,Rainbow Trout,Oncorhynchus mykiss,Rainbow Trout,Actinopterygii,47516,Rainbow Trout
133857159,2022-09-05,https://www.inaturalist.org/observations/133857159,https://static.inaturalist.org/photos/228069215/medium.jpeg,,39.3918222222,-119.8487138889,,False,Rainbow Trout,Oncorhynchus mykiss,Rainbow Trout,Actinopterygii,47516,Rainbow Trout
134424215,2022-09-09,https://www.inaturalist.org/observations/134424215,https://inaturalist-open-data.s3.amazonaws.com/photos/229128098/medium.jpg,,39.0047083333,-114.3493883333,,False,Rainbow Trout,Oncorhynchus mykiss,Rainbow Trout,Actinopterygii,47516,Rainbow Trout
134725714,2022-09-10,https://www.inaturalist.org/observations/134725714,https://inaturalist-open-data.s3.amazonaws.com/photos/229692479/medium.jpg,,41.8179579762,-116.004736035,,False,Columbia River Redband Trout,Oncorhynchus mykiss gairdneri,Columbia River Redband Trout,Actinopterygii,237543,Redband Trout
136511852,2022-09-24,https://www.inaturalist.org/observations/136511852,https://inaturalist-open-data.s3.amazonaws.com/photos/232994036/medium.jpg,,41.9645531117,-114.2481499272,obscured,True,Yellowstone Cutthroat Trout,Oncorhynchus virginalis bouvieri,Yellowstone Cutthroat Trout,Actinopterygii,1520370,Cutthroat Trout
136511920,2022-09-23,https://www.inaturalist.org/observations/136511920,https://inaturalist-open-data.s3.amazonaws.com/photos/233034478/medium.jpg,,38.8371625584,-114.2969576407,obscured,True,Bonneville Cutthroat Trout,Oncorhynchus virginalis utah,Bonneville Cutthroat Trout,Actinopterygii,1520377,Cutthroat Trout
138648924,2022-10-13,https://www.inaturalist.org/observations/138648924,https://static.inaturalist.org/photos/237018341/medium.jpeg,"Fins have the white edge. brown trout, brook trout?",39.2011750427,-119.9370559507,obscured,True,Brook Trout,Salvelinus fontinalis,Brook Trout,Actinopterygii,49596,Brook Trout
142227270,2022-11-12,https://www.inaturalist.org/observations/142227270,https://inaturalist-open-data.s3.amazonaws.com/photos/243807666/medium.jpg,,40.0385583333,-119.6507116667,,False,Lahontan Cutthroat Trout,Oncorhynchus henshawi henshawi,Lahontan Cutthroat Trout,Actinopterygii,1520371,Cutthroat Trout
143990549,2022-07-20,https://www.inaturalist.org/observations/143990549,https://inaturalist-open-data.s3.amazonaws.com/photos/247043117/medium.jpg,Swam into my sandal while wading in Galena Creek.,39.3603983417,-119.840846725,,False,Brook Trout,Salvelinus fontinalis,Brook Trout,Actinopterygii,49596,Brook Trout
144198547,2022-04-21,https://www.inaturalist.org/observations/144198547,https://inaturalist-open-data.s3.amazonaws.com/photos/247443722/medium.jpg,,41.3247133333,-116.00310555,,False,Pacific Salmons and Trouts,Oncorhynchus,Pacific Salmons and Trouts,Actinopterygii,47522,Unspecified
144685829,2022-10-05,https://www.inaturalist.org/observations/144685829,https://inaturalist-open-data.s3.amazonaws.com/photos/248380774/medium.jpeg,,40.6120916,-115.4304686,,False,Brook Trout,Salvelinus fontinalis,Brook Trout,Actinopterygii,49596,Brook Trout
144749971,2022-12-20,https://www.inaturalist.org/observations/144749971,https://inaturalist-open-data.s3.amazonaws.com/photos/248504768/medium.jpeg,Stocked trout ,35.95600967,-114.84594108,,False,Rainbow Trout,Oncorhynchus mykiss,Rainbow Trout,Actinopterygii,47516,Rainbow Trout
145141664,2022-12-26,https://www.inaturalist.org/observations/145141664,https://inaturalist-open-data.s3.amazonaws.com/photos/249278536/medium.jpeg,,36.8830871582,-116.7535705566,,False,Rainbow Trout,Oncorhynchus mykiss,Rainbow Trout,Actinopterygii,47516,Rainbow Trout
145981656,2023-01-04,https://www.inaturalist.org/observations/145981656,https://static.inaturalist.org/photos/250874026/medium.jpeg,At UC Davis TERC Science Center. https://tahoe.ucdavis.edu/tahoesciencecenter,39.242682732,-119.9396820084,,False,Lahontan Cutthroat Trout,Oncorhynchus henshawi henshawi,Lahontan Cutthroat Trout,Actinopterygii,1520371,Cutthroat Trout
146001343,2023-01-06,https://www.inaturalist.org/observations/146001343,https://inaturalist-open-data.s3.amazonaws.com/photos/250910863/medium.jpeg,"very blue, only the largest has dark blue spots. Probably a trout of some kind.",39.9871920009,-119.6184717491,,False,Lahontan Cutthroat Trout,Oncorhynchus henshawi henshawi,Lahontan Cutthroat Trout,Actinopterygii,1520371,Cutthroat Trout
147401925,2023-01-13,https://www.inaturalist.org/observations/147401925,https://inaturalist-open-data.s3.amazonaws.com/photos/253633823/medium.jpg,,40.1207459789,-119.7047502423,obscured,True,Lahontan Cutthroat Trout,Oncorhynchus henshawi henshawi,Lahontan Cutthroat Trout,Actinopterygii,1520371,Cutthroat Trout
147930548,2023-01-29,https://www.inaturalist.org/observations/147930548,https://inaturalist-open-data.s3.amazonaws.com/photos/254643854/medium.jpg,Observation for the fish,36.06459,-115.11348,,False,Rainbow Trout,Oncorhynchus mykiss,Rainbow Trout,Actinopterygii,47516,Rainbow Trout
147930570,2023-01-29,https://www.inaturalist.org/observations/147930570,https://inaturalist-open-data.s3.amazonaws.com/photos/254643945/medium.jpg,,36.0645216667,-115.1137383333,,False,Rainbow Trout,Oncorhynchus mykiss,Rainbow Trout,Actinopterygii,47516,Rainbow Trout
149183965,2023-02-19,https://www.inaturalist.org/observations/149183965,https://inaturalist-open-data.s3.amazonaws.com/photos/257027817/medium.jpeg," Killed by a double-crested cormorant, it was too big to eat and it eventually floated close enough for a picture.",36.068102,-115.115114,,False,Oncorhynchus mykiss,Oncorhynchus mykiss,Rainbow Trout,Actinopterygii,47516,Rainbow Trout
152247723,2022-06-23,https://www.inaturalist.org/observations/152247723,https://inaturalist-open-data.s3.amazonaws.com/photos/262799950/medium.jpg,,41.4417873671,-118.937515131,,False,Lahontan Cutthroat Trout,Oncorhynchus henshawi henshawi,Lahontan Cutthroat Trout,Actinopterygii,1520371,Cutthroat Trout
157425746,2023-04-25,https://www.inaturalist.org/observations/157425746,https://inaturalist-open-data.s3.amazonaws.com/photos/272173372/medium.jpeg,"Photographers note: No one I knew, just a couple guys who caught a nice fish.",39.9876070413,-119.6180185058,,False,Lahontan Cutthroat Trout,Oncorhynchus henshawi henshawi,Lahontan Cutthroat Trout,Actinopterygii,1520371,Cutthroat Trout
166361648,2023-06-03,https://www.inaturalist.org/observations/166361648,https://inaturalist-open-data.s3.amazonaws.com/photos/288084515/medium.jpg,RX10_43272,38.1340461097,-115.6008966908,,False,Salmons and Trouts,Salmoninae,Salmons and Trouts,Actinopterygii,342904,Unspecified
169856858,2023-06-27,https://www.inaturalist.org/observations/169856858,https://inaturalist-open-data.s3.amazonaws.com/photos/294518912/medium.jpg,,39.5154083333,-119.996995,,False,Ray-finned Fishes,Salmoninae,Salmons and Trouts,Actinopterygii,342904,Unspecified
170577141,2023-07-01,https://www.inaturalist.org/observations/170577141,https://inaturalist-open-data.s3.amazonaws.com/photos/295872967/medium.jpeg,For the fish,39.120992,-114.304991,,False,Pacific Salmons and Trouts,Oncorhynchus,Pacific Salmons and Trouts,Actinopterygii,47522,Unspecified
171130927,2023-07-04,https://www.inaturalist.org/observations/171130927,https://inaturalist-open-data.s3.amazonaws.com/photos/296918426/medium.jpeg,,38.9806274221,-119.9548558899,,False,Brown Trout,Salmo trutta,Brown Trout,Actinopterygii,47518,Brown Trout
171130928,2023-07-04,https://www.inaturalist.org/observations/171130928,https://inaturalist-open-data.s3.amazonaws.com/photos/296918487/medium.jpeg,,38.9806274221,-119.9548558899,,False,Brown Trout,Salmo trutta,Brown Trout,Actinopterygii,47518,Brown Trout
172351139,2023-07-07,https://www.inaturalist.org/observations/172351139,https://inaturalist-open-data.s3.amazonaws.com/photos/299187530/medium.jpg,,41.7558519015,-115.6686713993,,False,Rainbow Trout,Oncorhynchus mykiss,Rainbow Trout,Actinopterygii,47516,Rainbow Trout
172351204,2023-07-07,https://www.inaturalist.org/observations/172351204,https://inaturalist-open-data.s3.amazonaws.com/photos/299187608/medium.jpg,,41.8701362085,-115.7019267904,,False,Columbia River Redband Trout,Oncorhynchus mykiss gairdneri,Columbia River Redband Trout,Actinopterygii,237543,Redband Trout
172351270,2023-07-07,https://www.inaturalist.org/observations/172351270,https://inaturalist-open-data.s3.amazonaws.com/photos/299187728/medium.jpg,,41.8447387073,-115.7064272553,,False,Columbia River Redband Trout,Oncorhynchus mykiss gairdneri,Columbia River Redband Trout,Actinopterygii,237543,Redband Trout
173359901,2023-07-15,https://www.inaturalist.org/observations/173359901,https://inaturalist-open-data.s3.amazonaws.com/photos/301054718/medium.jpg,,41.7580533333,-116.0132527833,,False,Columbia River Redband Trout,Oncorhynchus mykiss gairdneri,Columbia River Redband Trout,Actinopterygii,237543,Redband Trout
173405390,2023-07-16,https://www.inaturalist.org/observations/173405390,https://inaturalist-open-data.s3.amazonaws.com/photos/301138127/medium.jpg,,41.9216716667,-115.7722383333,,False,Columbia River Redband Trout,Oncorhynchus mykiss gairdneri,Columbia River Redband Trout,Actinopterygii,237543,Redband Trout
174476939,2023-07-20,https://www.inaturalist.org/observations/174476939,https://inaturalist-open-data.s3.amazonaws.com/photos/303114181/medium.jpg,,39.5245065216,-119.8160288222,,False,Rainbow Trout,Oncorhynchus mykiss,Rainbow Trout,Actinopterygii,47516,Rainbow Trout
175372936,2023-07-20,https://www.inaturalist.org/observations/175372936,https://inaturalist-open-data.s3.amazonaws.com/photos/304773187/medium.jpeg,,39.5245227503,-119.8160955682,,False,Rainbow Trout,Oncorhynchus mykiss,Rainbow Trout,Actinopterygii,47516,Rainbow Trout
177685550,2023-08-02,https://www.inaturalist.org/observations/177685550,https://static.inaturalist.org/photos/309071435/medium.jpg,,40.8604823706,-115.7533378752,,False,Rainbow Trout,Oncorhynchus mykiss,Rainbow Trout,Actinopterygii,47516,Rainbow Trout
178085546,2023-08-12,https://www.inaturalist.org/observations/178085546,https://inaturalist-open-data.s3.amazonaws.com/photos/309822407/medium.jpeg,,36.4276537596,-115.7319505513,,False,Rainbow Trout,Oncorhynchus mykiss,Rainbow Trout,Actinopterygii,47516,Rainbow Trout
179283935,2023-07-30,https://www.inaturalist.org/observations/179283935,https://inaturalist-open-data.s3.amazonaws.com/photos/312106332/medium.jpg,"Carpenter Canyon, Mount Charleston Wilderness",36.241393,-115.7245209722,,False,Lahontan Cutthroat Trout,Oncorhynchus henshawi,Lahontan Cutthroat Trout,Actinopterygii,1316404,Cutthroat Trout
180673736,2023-08-24,https://www.inaturalist.org/observations/180673736,https://inaturalist-open-data.s3.amazonaws.com/photos/314759884/medium.jpg,,41.9372783333,-115.2082583333,,False,Columbia River Redband Trout,Oncorhynchus mykiss gairdneri,Columbia River Redband Trout,Actinopterygii,237543,Redband Trout
180673785,2023-08-25,https://www.inaturalist.org/observations/180673785,https://inaturalist-open-data.s3.amazonaws.com/photos/314760046/medium.jpg,,41.8442533333,-115.256775,,False,Columbia River Redband Trout,Oncorhynchus mykiss gairdneri,Columbia River Redband Trout,Actinopterygii,237543,Redband Trout
180673895,2023-08-25,https://www.inaturalist.org/observations/180673895,https://inaturalist-open-data.s3.amazonaws.com/photos/314760290/medium.jpg,,41.918975,-115.30635,,False,Columbia River Redband Trout,Oncorhynchus mykiss gairdneri,Columbia River Redband Trout,Actinopterygii,237543,Redband Trout
180673989,2023-08-26,https://www.inaturalist.org/observations/180673989,https://inaturalist-open-data.s3.amazonaws.com/photos/314760427/medium.jpg,,41.885655,-115.1809166667,,False,Columbia River Redband Trout,Oncorhynchus mykiss gairdneri,Columbia River Redband Trout,Actinopterygii,237543,Redband Trout
180674015,2023-08-26,https://www.inaturalist.org/observations/180674015,https://inaturalist-open-data.s3.amazonaws.com/photos/314760485/medium.jpg,,41.8858916667,-115.1797633333,,False,Brook Trout,Salvelinus fontinalis,Brook Trout,Actinopterygii,49596,Brook Trout
180674052,2023-08-26,https://www.inaturalist.org/observations/180674052,https://inaturalist-open-data.s3.amazonaws.com/photos/314760570/medium.jpg,,41.9162416667,-115.0048916667,,False,Rainbow Trout,Oncorhynchus mykiss,Rainbow Trout,Actinopterygii,47516,Rainbow Trout
180674135,2023-08-27,https://www.inaturalist.org/observations/180674135,https://inaturalist-open-data.s3.amazonaws.com/photos/314760750/medium.jpg,,41.6228716667,-115.0600138333,,False,Rainbow Trout,Oncorhynchus mykiss,Rainbow Trout,Actinopterygii,47516,Rainbow Trout
183139747,2023-09-12,https://www.inaturalist.org/observations/183139747,https://inaturalist-open-data.s3.amazonaws.com/photos/319458562/medium.jpg,,37.8761216667,-118.2793716667,,False,Brook Trout,Salvelinus fontinalis,Brook Trout,Actinopterygii,49596,Brook Trout
185594592,2023-09-25,https://www.inaturalist.org/observations/185594592,https://static.inaturalist.org/photos/324159518/medium.jpg,,41.9118783333,-115.42485,,False,Columbia River Redband Trout,Oncorhynchus mykiss gairdneri,Columbia River Redband Trout,Actinopterygii,237543,Redband Trout
185594798,2023-09-24,https://www.inaturalist.org/observations/185594798,https://static.inaturalist.org/photos/324160611/medium.jpg,,41.9565083333,-115.858925,,False,Columbia River Redband Trout,Oncorhynchus mykiss gairdneri,Columbia River Redband Trout,Actinopterygii,237543,Redband Trout
185689584,2023-09-30,https://www.inaturalist.org/observations/185689584,https://static.inaturalist.org/photos/324346443/medium.jpg,,41.9640381036,-115.4132088408,,False,Columbia River Redband Trout,Oncorhynchus mykiss gairdneri,Columbia River Redband Trout,Actinopterygii,237543,Redband Trout
185978668,2023-09-30,https://www.inaturalist.org/observations/185978668,https://inaturalist-open-data.s3.amazonaws.com/photos/325535890/medium.jpg,,39.51127,-119.99598,,False,Lahontan Cutthroat Trout,Oncorhynchus henshawi,Lahontan Cutthroat Trout,Actinopterygii,1316404,Cutthroat Trout
187395917,2023-10-11,https://www.inaturalist.org/observations/187395917,https://inaturalist-open-data.s3.amazonaws.com/photos/327707669/medium.jpg,,39.0156527833,-114.2406616667,,False,Brown Trout,Salmo trutta,Brown Trout,Actinopterygii,47518,Brown Trout
188629357,2023-10-21,https://www.inaturalist.org/observations/188629357,https://static.inaturalist.org/photos/330200134/medium.jpeg,https://www.youtube.com/watch?v=FXMcbhn6Np0&ab_channel=Ghostbusters.net,40.1895115117,-115.4780096395,,False,Rainbow Trout,Oncorhynchus mykiss,Rainbow Trout,Actinopterygii,47516,Rainbow Trout
200011099,2023-11-21,https://www.inaturalist.org/observations/200011099,https://inaturalist-open-data.s3.amazonaws.com/photos/352799354/medium.jpg,,39.5095472222,-119.6527722222,,False,Lahontan Cutthroat Trout,Oncorhynchus henshawi,Lahontan Cutthroat Trout,Actinopterygii,1316404,Cutthroat Trout
203812218,2024-03-24,https://www.inaturalist.org/observations/203812218,https://inaturalist-open-data.s3.amazonaws.com/photos/360151530/medium.jpg,,39.3028833333,-119.8330833333,,False,Rainbow Trout,Oncorhynchus mykiss,Rainbow Trout,Actinopterygii,47516,Rainbow Trout
204732004,2024-01-11,https://www.inaturalist.org/observations/204732004,https://inaturalist-open-data.s3.amazonaws.com/photos/361911217/medium.jpg,,39.95553832,-116.2623030315,obscured,True,Humboldt Cutthroat Trout,Oncorhynchus henshawi humboldtensis,Humboldt Cutthroat Trout,Actinopterygii,1567889,Cutthroat Trout
208049115,2024-04-13,https://www.inaturalist.org/observations/208049115,https://inaturalist-open-data.s3.amazonaws.com/photos/368068898/medium.jpg,,39.5131866667,-119.96875,,False,Rainbow Trout,Oncorhynchus mykiss,Rainbow Trout,Actinopterygii,47516,Rainbow Trout
208208697,2024-04-19,https://www.inaturalist.org/observations/208208697,https://static.inaturalist.org/photos/368364046/medium.jpg,,36.0404916667,-115.1824116667,,False,Rainbow Trout,Oncorhynchus mykiss,Rainbow Trout,Actinopterygii,47516,Rainbow Trout
211737838,2024-04-28,https://www.inaturalist.org/observations/211737838,https://inaturalist-open-data.s3.amazonaws.com/photos/374271477/medium.jpeg,,40.2100415997,-115.482736,,False,Rainbow Trout,Oncorhynchus mykiss,Rainbow Trout,Actinopterygii,47516,Rainbow Trout
212634111,2023-08-06,https://www.inaturalist.org/observations/212634111,https://inaturalist-open-data.s3.amazonaws.com/photos/375760759/medium.jpeg,Catch and release ,40.6842309389,-115.8383909889,,False,Rainbow Trout,Oncorhynchus mykiss,Rainbow Trout,Actinopterygii,47516,Rainbow Trout
214890061,2024-05-10,https://www.inaturalist.org/observations/214890061,https://static.inaturalist.org/photos/379873230/medium.jpeg,At Tahoe Environmental Research Center,39.2428021659,-119.9397757959,,False,Lahontan Cutthroat Trout,Oncorhynchus henshawi,Lahontan Cutthroat Trout,Actinopterygii,1316404,Cutthroat Trout
215819036,2024-05-03,https://www.inaturalist.org/observations/215819036,https://inaturalist-open-data.s3.amazonaws.com/photos/381611056/medium.jpg,,40.18888,-115.4906916667,,False,Brown Trout,Salmo trutta,Brown Trout,Actinopterygii,47518,Brown Trout
216461088,2019-10-13,https://www.inaturalist.org/observations/216461088,https://inaturalist-open-data.s3.amazonaws.com/photos/382829960/medium.jpeg,,37.497525,-114.0643333333,,False,Rainbow Trout,Oncorhynchus mykiss,Rainbow Trout,Actinopterygii,47516,Rainbow Trout
217167672,2024-05-20,https://www.inaturalist.org/observations/217167672,https://inaturalist-open-data.s3.amazonaws.com/photos/384147346/medium.jpg,,39.1318676846,-119.7062334407,,False,Rainbow Trout,Oncorhynchus mykiss,Rainbow Trout,Actinopterygii,47516,Rainbow Trout
218171630,2024-05-22,https://www.inaturalist.org/observations/218171630,https://inaturalist-open-data.s3.amazonaws.com/photos/386035798/medium.jpeg,Alive.,36.0681501739,-115.1148164242,,False,Rainbow Trout,Oncorhynchus mykiss,Rainbow Trout,Actinopterygii,47516,Rainbow Trout
222998739,2023-10-04,https://www.inaturalist.org/observations/222998739,https://inaturalist-open-data.s3.amazonaws.com/photos/395076268/medium.jpg,,40.2153966667,-115.4830166667,,False,Tiger Trout,Salmo trutta × Salvelinus fontinalis,Tiger Trout,Actinopterygii,705661,Tiger Trout
224069854,2024-06-19,https://www.inaturalist.org/observations/224069854,https://static.inaturalist.org/photos/397084671/medium.jpeg,,38.4816277778,-119.2454083333,,False,Salmons and Trouts,Salmoninae,Salmons and Trouts,Actinopterygii,342904,Unspecified
224278274,2024-06-19,https://www.inaturalist.org/observations/224278274,https://static.inaturalist.org/photos/397481251/medium.jpeg,,38.4305305556,-119.0408611111,,False,Brown Trout,Salmo trutta,Brown Trout,Actinopterygii,47518,Brown Trout
225358951,2024-06-24,https://www.inaturalist.org/observations/225358951,https://inaturalist-open-data.s3.amazonaws.com/photos/399540636/medium.jpg,,39.5238621833,-119.8186965577,,False,Rainbow Trout,Oncorhynchus mykiss,Rainbow Trout,Actinopterygii,47516,Rainbow Trout
225452570,2024-06-22,https://www.inaturalist.org/observations/225452570,https://inaturalist-open-data.s3.amazonaws.com/photos/399724675/medium.jpeg,,39.4968664448,-119.8599598762,,True,Tiger Trout,Salmo trutta × Salvelinus fontinalis,Tiger Trout,Actinopterygii,705661,Tiger Trout
225459121,2024-06-26,https://www.inaturalist.org/observations/225459121,https://inaturalist-open-data.s3.amazonaws.com/photos/399737935/medium.jpg,,39.5238427681,-119.8188270955,,False,Rainbow Trout,Oncorhynchus mykiss,Rainbow Trout,Actinopterygii,47516,Rainbow Trout
227947345,2024-07-07,https://www.inaturalist.org/observations/227947345,https://static.inaturalist.org/photos/404446196/medium.jpeg,,39.3014566667,-119.9159466667,,False,Brook Trout,Salvelinus fontinalis,Brook Trout,Actinopterygii,49596,Brook Trout
228084462,2024-06-28,https://www.inaturalist.org/observations/228084462,https://inaturalist-open-data.s3.amazonaws.com/photos/404704124/medium.jpg,,39.5214719373,-119.9648547884,,False,Lahontan Cutthroat Trout,Oncorhynchus henshawi,Lahontan Cutthroat Trout,Actinopterygii,1316404,Cutthroat Trout
228555920,2024-07-02,https://www.inaturalist.org/observations/228555920,https://static.inaturalist.org/photos/405593612/medium.jpeg,,40.614913047,-115.3804404586,,False,Brook Trout,Salvelinus fontinalis,Brook Trout,Actinopterygii,49596,Brook Trout
228902243,2024-07-12,https://www.inaturalist.org/observations/228902243,https://inaturalist-open-data.s3.amazonaws.com/photos/406256733/medium.jpeg,,40.6214,-115.368575,,False,Lahontan Cutthroat Trout,Oncorhynchus henshawi,Lahontan Cutthroat Trout,Actinopterygii,1316404,Cutthroat Trout
228902989,2024-07-12,https://www.inaturalist.org/observations/228902989,https://inaturalist-open-data.s3.amazonaws.com/photos/406257979/medium.jpeg,,40.6214333333,-115.3687133333,,False,Humboldt Cutthroat Trout,Oncorhynchus henshawi humboldtensis,Humboldt Cutthroat Trout,Actinopterygii,1567889,Cutthroat Trout
230668528,2024-07-16,https://www.inaturalist.org/observations/230668528,https://inaturalist-open-data.s3.amazonaws.com/photos/409601184/medium.jpeg,,41.4983966667,-117.7268216667,,False,Lahontan Cutthroat Trout,Oncorhynchus henshawi,Lahontan Cutthroat Trout,Actinopterygii,1316404,Cutthroat Trout
230668648,2024-07-17,https://www.inaturalist.org/observations/230668648,https://inaturalist-open-data.s3.amazonaws.com/photos/409601355/medium.jpeg,,40.9204616667,-117.64985,,False,Brook Trout,Salvelinus fontinalis,Brook Trout,Actinopterygii,49596,Brook Trout
230668683,2024-07-16,https://www.inaturalist.org/observations/230668683,https://inaturalist-open-data.s3.amazonaws.com/photos/409601494/medium.jpeg,,41.4977866667,-117.7252116667,,False,Lahontan Cutthroat Trout,Oncorhynchus henshawi,Lahontan Cutthroat Trout,Actinopterygii,1316404,Cutthroat Trout
230668788,2024-07-16,https://www.inaturalist.org/observations/230668788,https://inaturalist-open-data.s3.amazonaws.com/photos/409601628/medium.jpeg,,41.4982866667,-117.7266383333,,False,Lahontan Cutthroat Trout,Oncorhynchus henshawi,Lahontan Cutthroat Trout,Actinopterygii,1316404,Cutthroat Trout
231330860,2024-07-20,https://www.inaturalist.org/observations/231330860,https://inaturalist-open-data.s3.amazonaws.com/photos/410851480/medium.jpeg,,40.5802425323,-115.3938648944,,False,Brook Trout,Salvelinus fontinalis,Brook Trout,Actinopterygii,49596,Brook Trout
232312502,2024-07-27,https://www.inaturalist.org/observations/232312502,https://inaturalist-open-data.s3.amazonaws.com/photos/412709974/medium.jpeg,,38.9744873047,-114.246055603,,False,Brook Trout,Salvelinus fontinalis,Brook Trout,Actinopterygii,49596,Brook Trout
234089246,2024-08-04,https://www.inaturalist.org/observations/234089246,https://inaturalist-open-data.s3.amazonaws.com/photos/416099513/medium.jpeg,,41.6580616667,-117.54815,,False,Humboldt Cutthroat Trout,Oncorhynchus henshawi humboldtensis,Humboldt Cutthroat Trout,Actinopterygii,1567889,Cutthroat Trout
236371306,2024-06-11,https://www.inaturalist.org/observations/236371306,https://inaturalist-open-data.s3.amazonaws.com/photos/420506568/medium.jpeg,,39.0162722167,-114.2392583333,,False,Brown Trout,Salmo trutta,Brown Trout,Actinopterygii,47518,Brown Trout
238205605,2024-08-24,https://www.inaturalist.org/observations/238205605,https://static.inaturalist.org/photos/424051784/medium.jpeg,,40.460225,-115.4554583333,,False,Brook Trout,Salvelinus fontinalis,Brook Trout,Actinopterygii,49596,Brook Trout
238516111,2024-08-16,https://www.inaturalist.org/observations/238516111,https://static.inaturalist.org/photos/424646133/medium.jpeg,,40.6626283333,-115.44597,,False,Lahontan Cutthroat Trout,Oncorhynchus henshawi,Lahontan Cutthroat Trout,Actinopterygii,1316404,Cutthroat Trout
241050707,2024-09-09,https://www.inaturalist.org/observations/241050707,https://inaturalist-open-data.s3.amazonaws.com/photos/429551191/medium.jpeg,,40.633675,-115.4357916667,,False,Brook Trout,Salvelinus fontinalis,Brook Trout,Actinopterygii,49596,Brook Trout
241202137,2024-09-11,https://www.inaturalist.org/observations/241202137,https://inaturalist-open-data.s3.amazonaws.com/photos/429843042/medium.jpeg,,40.6170666667,-115.371155,,False,Brook Trout,Salvelinus fontinalis,Brook Trout,Actinopterygii,49596,Brook Trout
241202608,2024-09-11,https://www.inaturalist.org/observations/241202608,https://inaturalist-open-data.s3.amazonaws.com/photos/429843684/medium.jpeg,,40.6122366667,-115.3708716667,,False,Humboldt Cutthroat Trout,Oncorhynchus henshawi humboldtensis,Humboldt Cutthroat Trout,Actinopterygii,1567889,Cutthroat Trout
241581778,2024-07-20,https://www.inaturalist.org/observations/241581778,https://inaturalist-open-data.s3.amazonaws.com/photos/430575713/medium.jpg,Knott creek in the Pine Forest Range Wilderness,41.652025,-118.7898909722,,False,Lahontan Cutthroat Trout,Oncorhynchus henshawi,Lahontan Cutthroat Trout,Actinopterygii,1316404,Cutthroat Trout
242437486,2024-09-07,https://www.inaturalist.org/observations/242437486,https://inaturalist-open-data.s3.amazonaws.com/photos/432216560/medium.jpeg,,38.5738636688,-118.98766312,,False,Rainbow Trout,Oncorhynchus mykiss,Rainbow Trout,Actinopterygii,47516,Rainbow Trout
243829540,2024-09-21,https://www.inaturalist.org/observations/243829540,https://inaturalist-open-data.s3.amazonaws.com/photos/434836121/medium.jpeg,,39.3075828269,-119.9063908957,,False,Brook Trout,Salvelinus fontinalis,Brook Trout,Actinopterygii,49596,Brook Trout
244002063,2024-09-25,https://www.inaturalist.org/observations/244002063,https://inaturalist-open-data.s3.amazonaws.com/photos/435178002/medium.jpeg,,40.6498416667,-115.4047,,False,Humboldt Cutthroat Trout,Oncorhynchus henshawi humboldtensis,Humboldt Cutthroat Trout,Actinopterygii,1567889,Cutthroat Trout
244246670,2024-09-21,https://www.inaturalist.org/observations/244246670,https://inaturalist-open-data.s3.amazonaws.com/photos/435665418/medium.jpeg,,39.193875,-119.8672716667,,False,Tiger Trout,Salmo trutta × Salvelinus fontinalis,Tiger Trout,Actinopterygii,705661,Tiger Trout
244418633,2024-09-01,https://www.inaturalist.org/observations/244418633,https://inaturalist-open-data.s3.amazonaws.com/photos/435978748/medium.jpeg,,39.5208790744,-119.8307874788,,False,Ray-finned Fishes,Oncorhynchus mykiss,Rainbow Trout,Actinopterygii,47516,Rainbow Trout
245245937,2024-09-30,https://www.inaturalist.org/observations/245245937,https://inaturalist-open-data.s3.amazonaws.com/photos/437595276/medium.jpeg,Thomas Canyon campground,40.6498303997,-115.4047414,,False,Humboldt Cutthroat Trout,Oncorhynchus henshawi humboldtensis,Humboldt Cutthroat Trout,Actinopterygii,1567889,Cutthroat Trout
246006677,2024-10-06,https://www.inaturalist.org/observations/246006677,https://inaturalist-open-data.s3.amazonaws.com/photos/439088041/medium.jpg,Sorry it is a little blurry,40.604269,-115.37502,,False,Brown Trout,Salmo trutta,Brown Trout,Actinopterygii,47518,Brown Trout
246487563,2024-09-30,https://www.inaturalist.org/observations/246487563,https://inaturalist-open-data.s3.amazonaws.com/photos/440048860/medium.jpeg,,40.6752008473,-115.4494161649,,False,Brook Trout,Salvelinus fontinalis,Brook Trout,Actinopterygii,49596,Brook Trout
246579534,2024-02-16,https://www.inaturalist.org/observations/246579534,https://inaturalist-open-data.s3.amazonaws.com/photos/440230841/medium.jpeg,,41.6619997207,-115.8031300498,,False,Pacific Salmons and Trouts,Oncorhynchus,Pacific Salmons and Trouts,Actinopterygii,47522,Unspecified
247228015,2024-10-13,https://www.inaturalist.org/observations/247228015,https://inaturalist-open-data.s3.amazonaws.com/photos/441506615/medium.jpeg,,40.6194277778,-115.3685611111,,False,Salmons and Trouts,Salmoninae,Salmons and Trouts,Actinopterygii,342904,Unspecified
248164139,2024-10-12,https://www.inaturalist.org/observations/248164139,https://inaturalist-open-data.s3.amazonaws.com/photos/443357938/medium.jpg,,40.7494437986,-115.5679582284,,False,Rainbow Trout,Oncorhynchus mykiss,Rainbow Trout,Actinopterygii,47516,Rainbow Trout
248170359,2024-08-25,https://www.inaturalist.org/observations/248170359,https://inaturalist-open-data.s3.amazonaws.com/photos/443372290/medium.jpeg,,38.8731040955,-119.6925201416,,False,Brown Trout,Salmo trutta,Brown Trout,Actinopterygii,47518,Brown Trout
248369033,2024-10-19,https://www.inaturalist.org/observations/248369033,https://inaturalist-open-data.s3.amazonaws.com/photos/443762490/medium.jpeg,,39.3085113615,-119.8985698376,,False,Brook Trout,Salvelinus fontinalis,Brook Trout,Actinopterygii,49596,Brook Trout
248542444,2024-10-21,https://www.inaturalist.org/observations/248542444,https://inaturalist-open-data.s3.amazonaws.com/photos/444114321/medium.jpeg,,40.5786711336,-115.5195950009,,False,Humboldt Cutthroat Trout,Oncorhynchus henshawi humboldtensis,Humboldt Cutthroat Trout,Actinopterygii,1567889,Cutthroat Trout
248687771,2024-10-22,https://www.inaturalist.org/observations/248687771,https://inaturalist-open-data.s3.amazonaws.com/photos/444407852/medium.jpeg,,40.6751003597,-115.760765428,,False,Rainbow Trout,Oncorhynchus mykiss,Rainbow Trout,Actinopterygii,47516,Rainbow Trout
248815805,2024-10-23,https://www.inaturalist.org/observations/248815805,https://inaturalist-open-data.s3.amazonaws.com/photos/444663526/medium.jpeg,,40.711481,-115.704146,,False,Rainbow Trout,Oncorhynchus mykiss,Rainbow Trout,Actinopterygii,47516,Rainbow Trout
248837684,2024-10-23,https://www.inaturalist.org/observations/248837684,https://inaturalist-open-data.s3.amazonaws.com/photos/444707057/medium.jpg,,40.7493677224,-115.5702217903,,False,Brook Trout,Salvelinus fontinalis,Brook Trout,Actinopterygii,49596,Brook Trout
248839374,2023-09-30,https://www.inaturalist.org/observations/248839374,https://inaturalist-open-data.s3.amazonaws.com/photos/444710817/medium.jpeg,,40.7467216667,-115.5832833333,,False,Rainbow Trout,Oncorhynchus mykiss,Rainbow Trout,Actinopterygii,47516,Rainbow Trout
252115930,2024-10-23,https://www.inaturalist.org/observations/252115930,https://static.inaturalist.org/photos/451251931/medium.jpeg,,40.4541666667,-116.87687,,False,Brook Trout,Salvelinus fontinalis,Brook Trout,Actinopterygii,49596,Brook Trout
253948552,2024-12-01,https://www.inaturalist.org/observations/253948552,https://static.inaturalist.org/photos/454773148/medium.jpeg,"First fish on the fly, it swam away",35.9560139,-114.8481895997,,False,Rainbow Trout,Oncorhynchus mykiss,Rainbow Trout,Actinopterygii,47516,Rainbow Trout
255127525,2024-12-14,https://www.inaturalist.org/observations/255127525,https://static.inaturalist.org/photos/457138780/medium.jpg,,36.3232583333,-115.26683,,False,Rainbow Trout,Oncorhynchus mykiss,Rainbow Trout,Actinopterygii,47516,Rainbow Trout
255997985,2024-09-09,https://www.inaturalist.org/observations/255997985,https://inaturalist-open-data.s3.amazonaws.com/photos/458884009/medium.jpg,,41.0271445,-115.0858695,,False,Tiger Trout,Salmo trutta × Salvelinus fontinalis,Tiger Trout,Actinopterygii,705661,Tiger Trout
257641309,2025-01-06,https://www.inaturalist.org/observations/257641309,https://inaturalist-open-data.s3.amazonaws.com/photos/462208879/medium.jpg,,39.23847,-119.9996033333,,False,Rainbow Trout,Oncorhynchus mykiss,Rainbow Trout,Actinopterygii,47516,Rainbow Trout
259313840,2021-04-25,https://www.inaturalist.org/observations/259313840,https://inaturalist-open-data.s3.amazonaws.com/photos/465468905/medium.jpg,,40.0231794191,-119.5025484888,,False,Lahontan Cutthroat Trout,Oncorhynchus henshawi,Lahontan Cutthroat Trout,Actinopterygii,1316404,Cutthroat Trout
259654099,2016-07-23,https://www.inaturalist.org/observations/259654099,https://inaturalist-open-data.s3.amazonaws.com/photos/466151377/medium.jpg,The two individuals on the left,40.6521572587,-115.4078286981,,False,Brook Trout,Salvelinus fontinalis,Brook Trout,Actinopterygii,49596,Brook Trout
259774297,2016-07-23,https://www.inaturalist.org/observations/259774297,https://inaturalist-open-data.s3.amazonaws.com/photos/466151377/medium.jpg,The individual on the right,40.6521572587,-115.4078286981,,False,Tiger Trout,Salmo trutta × Salvelinus fontinalis,Tiger Trout,Actinopterygii,705661,Tiger Trout
260540707,2025-01-24,https://www.inaturalist.org/observations/260540707,https://inaturalist-open-data.s3.amazonaws.com/photos/467915022/medium.jpg,,39.5129036393,-119.9691597691,,False,Rainbow Trout,Oncorhynchus mykiss,Rainbow Trout,Actinopterygii,47516,Rainbow Trout
260543496,2025-01-24,https://www.inaturalist.org/observations/260543496,https://inaturalist-open-data.s3.amazonaws.com/photos/467945499/medium.jpg,,39.513175,-119.96875,,False,Rainbow Trout,Oncorhynchus mykiss,Rainbow Trout,Actinopterygii,47516,Rainbow Trout
260558258,2025-01-24,https://www.inaturalist.org/observations/260558258,https://inaturalist-open-data.s3.amazonaws.com/photos/467945659/medium.jpg,,39.513175,-119.96875,,False,Rainbow Trout,Oncorhynchus mykiss,Rainbow Trout,Actinopterygii,47516,Rainbow Trout
261682315,2025-02-14,https://www.inaturalist.org/observations/261682315,https://inaturalist-open-data.s3.amazonaws.com/photos/470173616/medium.jpg,,39.5304441946,-119.7217820243,,False,Salmons and Trouts,Salmoninae,Salmons and Trouts,Actinopterygii,342904,Unspecified
264772052,2025-03-09,https://www.inaturalist.org/observations/264772052,https://inaturalist-open-data.s3.amazonaws.com/photos/475476461/medium.jpg,Captive fish at Bass Pro Shops.,36.0408666667,-115.18332,,False,Tiger Trout,Salmo trutta × Salvelinus fontinalis,Tiger Trout,Actinopterygii,705661,Tiger Trout
264772062,2025-03-09,https://www.inaturalist.org/observations/264772062,https://inaturalist-open-data.s3.amazonaws.com/photos/475476485/medium.jpg,Captive fish at Bass Pro Shops.,36.0408778333,-115.1833416667,,False,Tiger Trout,Salmo trutta × Salvelinus fontinalis,Tiger Trout,Actinopterygii,705661,Tiger Trout
264772076,2025-03-09,https://www.inaturalist.org/observations/264772076,https://inaturalist-open-data.s3.amazonaws.com/photos/475476523/medium.jpg,Captive fish at Bass Pro Shops.,36.0409,-115.18338,,False,Rainbow Trout,Oncorhynchus mykiss,Rainbow Trout,Actinopterygii,47516,Rainbow Trout
264772087,2025-03-09,https://www.inaturalist.org/observations/264772087,https://inaturalist-open-data.s3.amazonaws.com/photos/475476564/medium.jpg,Captive fish at Bass Pro Shops.,36.0408971667,-115.1833716667,,False,Brown Trout,Salmo trutta,Brown Trout,Actinopterygii,47518,Brown Trout
266162143,2007-11-09,https://www.inaturalist.org/observations/266162143,https://inaturalist-open-data.s3.amazonaws.com/photos/478187580/medium.jpg,Historical Observation.,40.6150310573,-115.3817940515,,False,Brook Trout,Salvelinus fontinalis,Brook Trout,Actinopterygii,49596,Brook Trout
266473218,2024-08-08,https://www.inaturalist.org/observations/266473218,https://inaturalist-open-data.s3.amazonaws.com/photos/478783872/medium.jpg,,39.014554,-114.123553,,False,Brook Trout,Salvelinus fontinalis,Brook Trout,Actinopterygii,49596,Brook Trout
266636746,2022-09-06,https://www.inaturalist.org/observations/266636746,https://inaturalist-open-data.s3.amazonaws.com/photos/479078286/medium.jpeg,,38.9249768277,-114.2464146239,,False,Bonneville Cutthroat Trout,Oncorhynchus virginalis utah,Bonneville Cutthroat Trout,Actinopterygii,1520377,Cutthroat Trout
268161872,2024-09-04,https://www.inaturalist.org/observations/268161872,https://inaturalist-open-data.s3.amazonaws.com/photos/481990597/medium.jpg,,39.4920166667,-119.9935916667,,False,Rainbow Trout,Oncorhynchus mykiss,Rainbow Trout,Actinopterygii,47516,Rainbow Trout
271586192,2025-04-19,https://www.inaturalist.org/observations/271586192,https://static.inaturalist.org/photos/488533543/medium.jpeg,,39.5222194444,-119.8358138889,,False,Lahontan Cutthroat Trout,Oncorhynchus henshawi,Lahontan Cutthroat Trout,Actinopterygii,1316404,Cutthroat Trout
272610167,2025-02-20,https://www.inaturalist.org/observations/272610167,https://static.inaturalist.org/photos/490451821/medium.jpeg,,41.148970248,-118.2161320746,,False,Lahontan Cutthroat Trout,Oncorhynchus henshawi,Lahontan Cutthroat Trout,Actinopterygii,1316404,Cutthroat Trout
274743823,2025-04-21,https://www.inaturalist.org/observations/274743823,https://inaturalist-open-data.s3.amazonaws.com/photos/493847687/medium.jpg,Found dead on edge of pond.,39.3531679561,-119.8593932585,,False,Rainbow Trout,Oncorhynchus mykiss,Rainbow Trout,Actinopterygii,47516,Rainbow Trout
277125683,2023-04-29,https://www.inaturalist.org/observations/277125683,https://inaturalist-open-data.s3.amazonaws.com/photos/497618088/medium.jpg,,38.9482466667,-119.7532416667,,False,Rainbow Trout,Oncorhynchus mykiss,Rainbow Trout,Actinopterygii,47516,Rainbow Trout
279299655,2025-05-07,https://www.inaturalist.org/observations/279299655,https://static.inaturalist.org/photos/501532001/medium.jpg,,39.5204716667,-119.765245,,False,Lahontan Cutthroat Trout,Oncorhynchus henshawi,Lahontan Cutthroat Trout,Actinopterygii,1316404,Cutthroat Trout
280358515,2024-04-28,https://www.inaturalist.org/observations/280358515,https://inaturalist-open-data.s3.amazonaws.com/photos/503519565/medium.jpg,,41.201195,-119.78315,,False,Lahontan Cutthroat Trout,Oncorhynchus henshawi,Lahontan Cutthroat Trout,Actinopterygii,1316404,Cutthroat Trout
280359661,2025-05-11,https://www.inaturalist.org/observations/280359661,https://inaturalist-open-data.s3.amazonaws.com/photos/503521606/medium.jpg,,38.9252172495,-114.2523724394,,False,Bonneville Cutthroat Trout,Oncorhynchus virginalis utah,Bonneville Cutthroat Trout,Actinopterygii,1520377,Cutthroat Trout
280360028,2025-05-10,https://www.inaturalist.org/observations/280360028,https://inaturalist-open-data.s3.amazonaws.com/photos/503522322/medium.jpg,,38.9745479726,-114.248078841,,False,Brook Trout,Salvelinus fontinalis,Brook Trout,Actinopterygii,49596,Brook Trout
283404666,2025-05-23,https://www.inaturalist.org/observations/283404666,https://static.inaturalist.org/photos/509234953/medium.jpg,Captive at UC Davis Science Center ,39.2426118768,-119.9396101085,,False,,Oncorhynchus henshawi,Lahontan Cutthroat Trout,Actinopterygii,1316404,Cutthroat Trout
283441876,2024-09-08,https://www.inaturalist.org/observations/283441876,https://inaturalist-open-data.s3.amazonaws.com/photos/509301944/medium.jpg,,38.9762783333,-114.2456283333,,False,Brook Trout,Salvelinus fontinalis,Brook Trout,Actinopterygii,49596,Brook Trout
283442410,2024-07-09,https://www.inaturalist.org/observations/283442410,https://inaturalist-open-data.s3.amazonaws.com/photos/509302979/medium.jpg,Captured while working for GRBA NP,39.0717036375,-114.3934044809,obscured,True,Bonneville Cutthroat Trout,Oncorhynchus virginalis utah,Bonneville Cutthroat Trout,Actinopterygii,1520377,Cutthroat Trout
283721424,2025-05-24,https://www.inaturalist.org/observations/283721424,https://static.inaturalist.org/photos/509838074/medium.jpg,,39.2427214298,-119.9395975471,,False,Lahontan Cutthroat Trout,Oncorhynchus henshawi,Lahontan Cutthroat Trout,Actinopterygii,1316404,Cutthroat Trout
283728726,2025-05-24,https://www.inaturalist.org/observations/283728726,https://static.inaturalist.org/photos/509838178/medium.jpg,,39.2427214298,-119.9395975471,,False,Lahontan Cutthroat Trout,Oncorhynchus henshawi,Lahontan Cutthroat Trout,Actinopterygii,1316404,Cutthroat Trout
284019635,2025-05-25,https://www.inaturalist.org/observations/284019635,https://static.inaturalist.org/photos/510387386/medium.jpg,Either henshawi or mykiss. Had very prominent spots all over the body which may point towards henshawi. Likely got washed into manzanita lake through the ditches filling with water.,39.538225,-119.8163055556,,False,Pacific Salmons and Trouts,Oncorhynchus mykiss,Rainbow Trout,Actinopterygii,47516,Rainbow Trout
286189484,2025-06-01,https://www.inaturalist.org/observations/286189484,https://inaturalist-open-data.s3.amazonaws.com/photos/514474360/medium.jpg,,38.87507,-119.69085,,False,Brown Trout,Salmo trutta,Brown Trout,Actinopterygii,47518,Brown Trout
289430021,2025-06-13,https://www.inaturalist.org/observations/289430021,https://inaturalist-open-data.s3.amazonaws.com/photos/520579397/medium.jpg,,41.5439626587,-119.1281348384,obscured,True,Lahontan Cutthroat Trout,Oncorhynchus henshawi,Lahontan Cutthroat Trout,Actinopterygii,1316404,Cutthroat Trout
289736724,2020-08-06,https://www.inaturalist.org/observations/289736724,https://static.inaturalist.org/photos/521151591/medium.jpg,,40.6161849867,-115.3797312453,,False,Brook Trout,Salvelinus fontinalis,Brook Trout,Actinopterygii,49596,Brook Trout
290475855,2025-06-16,https://www.inaturalist.org/observations/290475855,https://inaturalist-open-data.s3.amazonaws.com/photos/522554617/medium.jpg,,39.2349666667,-117.1592638333,,False,,Salmonoidei,"Salmons, Trouts, and Whitefishes",Actinopterygii,1555655,Unspecified
290838265,2025-06-18,https://www.inaturalist.org/observations/290838265,https://inaturalist-open-data.s3.amazonaws.com/photos/523222787/medium.jpg,,38.9818768057,-119.9569928187,,False,"Salmons, Trouts, and Whitefishes",Salmonoidei,"Salmons, Trouts, and Whitefishes",Actinopterygii,1555655,Unspecified
290838316,2025-06-18,https://www.inaturalist.org/observations/290838316,https://inaturalist-open-data.s3.amazonaws.com/photos/523224152/medium.jpg,,38.9841319414,-119.9571067853,,False,Brown Trout,Salmo trutta,Brown Trout,Actinopterygii,47518,Brown Trout
291046406,2025-06-18,https://www.inaturalist.org/observations/291046406,https://inaturalist-open-data.s3.amazonaws.com/photos/523621526/medium.jpg,,41.671995,-115.807555,,False,Rainbow Trout,Oncorhynchus mykiss,Rainbow Trout,Actinopterygii,47516,Rainbow Trout
291065399,2025-06-19,https://www.inaturalist.org/observations/291065399,https://inaturalist-open-data.s3.amazonaws.com/photos/523658124/medium.jpg,,39.3092216667,-119.8977366667,,False,Brook Trout,Salvelinus fontinalis,Brook Trout,Actinopterygii,49596,Brook Trout
291636496,2025-06-19,https://www.inaturalist.org/observations/291636496,https://inaturalist-open-data.s3.amazonaws.com/photos/524728122/medium.jpg,,41.5488283333,-117.5845866667,,False,Rainbow Trout,Oncorhynchus mykiss,Rainbow Trout,Actinopterygii,47516,Rainbow Trout
293234009,2025-06-25,https://www.inaturalist.org/observations/293234009,https://inaturalist-open-data.s3.amazonaws.com/photos/527770032/medium.jpg,,39.30927,-119.8976833333,,False,Brook Trout,Salvelinus fontinalis,Brook Trout,Actinopterygii,49596,Brook Trout
293549522,2025-06-28,https://www.inaturalist.org/observations/293549522,https://static.inaturalist.org/photos/528356634/medium.jpg,"Totally clueless about this one. Lack of speckling along the top and the odd parring makes me think it’s not a rainbow, but there are many other possible species. Found “beached” along Third Creek but was able to revive it and send it back into the creek. ",39.2400366667,-119.9463416667,,False,Brook Trout,Salvelinus fontinalis,Brook Trout,Actinopterygii,49596,Brook Trout
295192261,2008-06-02,https://www.inaturalist.org/observations/295192261,https://inaturalist-open-data.s3.amazonaws.com/photos/531392404/medium.jpg,brown trout I think,40.184667,-115.491747,,False,Salmons and Trouts,Salmoninae,Salmons and Trouts,Actinopterygii,342904,Unspecified
297147297,2025-07-08,https://www.inaturalist.org/observations/297147297,https://inaturalist-open-data.s3.amazonaws.com/photos/535121679/medium.jpg,,39.2380216667,-117.1626195,,False,Brown Trout,Salmo trutta,Brown Trout,Actinopterygii,47518,Brown Trout
297235939,2024-09-14,https://www.inaturalist.org/observations/297235939,https://inaturalist-open-data.s3.amazonaws.com/photos/535293819/medium.jpg,Caught with pink Jerk It bait.,41.0261823079,-115.0861661509,,False,Rainbow Trout,Oncorhynchus mykiss,Rainbow Trout,Actinopterygii,47516,Rainbow Trout
298471507,2021-03-14,https://www.inaturalist.org/observations/298471507,https://inaturalist-open-data.s3.amazonaws.com/photos/537628587/medium.jpg,,40.0626856044,-119.562429674,,False,Lahontan Cutthroat Trout,Oncorhynchus henshawi,Lahontan Cutthroat Trout,Actinopterygii,1316404,Cutthroat Trout
299999247,2025-07-21,https://www.inaturalist.org/observations/299999247,https://inaturalist-open-data.s3.amazonaws.com/photos/540504244/medium.jpg,,39.3093116667,-119.897805,,False,Brook Trout,Salvelinus fontinalis,Brook Trout,Actinopterygii,49596,Brook Trout
301706597,2025-01-08,https://www.inaturalist.org/observations/301706597,https://static.inaturalist.org/photos/543691541/medium.jpg,Fished stocked trout,35.9028583707,-114.9667671346,obscured,True,Rainbow Trout,Oncorhynchus mykiss,Rainbow Trout,Actinopterygii,47516,Rainbow Trout
303457624,2025-08-02,https://www.inaturalist.org/observations/303457624,https://inaturalist-open-data.s3.amazonaws.com/photos/546952760/medium.jpg,,39.194625,-119.865455,,False,Tiger Trout,Salmo trutta × Salvelinus fontinalis,Tiger Trout,Actinopterygii,705661,Tiger Trout
303813327,2025-07-08,https://www.inaturalist.org/observations/303813327,https://static.inaturalist.org/photos/547629713/medium.jpg,,36.0409305,-115.183395,,False,Tiger Trout,Salmo trutta × Salvelinus fontinalis,Tiger Trout,Actinopterygii,705661,Tiger Trout
304106067,2025-08-05,https://www.inaturalist.org/observations/304106067,https://inaturalist-open-data.s3.amazonaws.com/photos/548178402/medium.jpg,,41.6321883333,-115.2425166667,,False,Oncorhynchus henshawi,Oncorhynchus henshawi,Lahontan Cutthroat Trout,Actinopterygii,1316404,Cutthroat Trout
305854663,2025-08-11,https://www.inaturalist.org/observations/305854663,https://inaturalist-open-data.s3.amazonaws.com/photos/551507562/medium.jpg,,39.396,-119.879745,,False,Brook Trout,Salvelinus fontinalis,Brook Trout,Actinopterygii,49596,Brook Trout
308288547,2025-08-18,https://www.inaturalist.org/observations/308288547,https://inaturalist-open-data.s3.amazonaws.com/photos/556178709/medium.jpg,,40.59276644,-115.393133,,False,Salmons and Trouts,Salmo trutta × Salvelinus fontinalis,Tiger Trout,Actinopterygii,705661,Tiger Trout
308614073,2025-07-26,https://www.inaturalist.org/observations/308614073,https://inaturalist-open-data.s3.amazonaws.com/photos/556798304/medium.jpg,,39.1946766667,-119.8674283333,,False,Tiger Trout,Salmo trutta × Salvelinus fontinalis,Tiger Trout,Actinopterygii,705661,Tiger Trout
309154981,2025-07-26,https://www.inaturalist.org/observations/309154981,https://inaturalist-open-data.s3.amazonaws.com/photos/557845476/medium.jpg,,39.1945866667,-119.86736,,False,Rainbow Trout,Oncorhynchus mykiss,Rainbow Trout,Actinopterygii,47516,Rainbow Trout
311155664,2025-07-02,https://www.inaturalist.org/observations/311155664,https://static.inaturalist.org/photos/561655863/medium.jpg,,40.6188783333,-115.3685433333,,False,Ray-finned Fishes,Salmoninae,Salmons and Trouts,Actinopterygii,342904,Unspecified
311799608,2025-09-05,https://www.inaturalist.org/observations/311799608,https://inaturalist-open-data.s3.amazonaws.com/photos/562887106/medium.jpg,,40.3563916667,-116.995095,,False,Brown Trout,Salmo trutta,Brown Trout,Actinopterygii,47518,Brown Trout
312102516,2025-09-04,https://www.inaturalist.org/observations/312102516,https://inaturalist-open-data.s3.amazonaws.com/photos/563459604/medium.jpg,,37.8500334689,-118.3806918965,obscured,True,Brook Trout,Salvelinus fontinalis,Brook Trout,Actinopterygii,49596,Brook Trout
312102586,2025-09-04,https://www.inaturalist.org/observations/312102586,https://inaturalist-open-data.s3.amazonaws.com/photos/563459813/medium.jpg,,37.9307979283,-118.2980167772,obscured,True,Brook Trout,Salvelinus fontinalis,Brook Trout,Actinopterygii,49596,Brook Trout
